{
  "format_version": "1.21.10",
  "minecraft:item": {
    "description": {
      "identifier": "the_ore_finder_project:ancient_debris_goggles",
      "menu_category": {
        "category": "equipment",
        "group": "itemGroup.name.helmet"
      }
    },
    "components": {
      "minecraft:max_stack_size": 1,
      "minecraft:icon": "ancient_debris_goggles",
      "minecraft:allow_off_hand": true,
      "minecraft:wearable": {
        "slot": "slot.armor.head",
        "protection": 0
      },
      "minecraft:tags": {
        "tags": [
          "the_ore_finder_project:goggles",
          "findblock:dark_orange:minecraft:ancient_debris"
        ]
      }
    }
  }
}
