{
  "format_version": "1.20.50",
  "minecraft:item": {
    "description": {
      "identifier": "the_ore_finder_project:emerald_ore_goggles",
      "menu_category": {
        "category": "equipment",
        "group": "itemGroup.name.helmet"
      }
    },
    "components": {
      "minecraft:max_stack_size": 1,
      "minecraft:icon": "emerald_ore_goggles",
      "minecraft:allow_off_hand": true,
      "minecraft:wearable": {
        "slot": "slot.armor.head",
        "protection": 0
      },
      "minecraft:tags": {
        "tags": [
          "the_ore_finder_project:goggles",
          "findblock:green:minecraft:emerald_ore",
          "findblock:green:minecraft:deepslate_emerald_ore"
        ]
      }
    }
  }
}
