{
  "format_version": "1.20.50",
  "minecraft:item": {
    "description": {
      "identifier": "the_ore_finder_project:gold_ore_goggles",
      "menu_category": {
        "category": "equipment",
        "group": "itemGroup.name.helmet"
      }
    },
    "components": {
      "minecraft:max_stack_size": 1,
      "minecraft:icon": "gold_ore_goggles",
      "minecraft:allow_off_hand": true,
      "minecraft:wearable": {
        "slot": "slot.armor.head",
        "protection": 0
      },
      "minecraft:tags": {
        "tags": [
          "the_ore_finder_project:goggles",
          "findblock:yellow:minecraft:gold_ore",
          "findblock:yellow:minecraft:deepslate_gold_ore",
          "findblock:yellow:minecraft:nether_gold_ore",
          "findblock:yellow:minecraft:raw_gold_block"
        ]
      }
    }
  }
}
