{
  "format_version": "1.20.50",
  "minecraft:item": {
    "description": {
      "identifier": "the_ore_finder_project:universal_goggles",
      "menu_category": {
        "category": "equipment",
        "group": "itemGroup.name.helmet"
      }
    },
    "components": {
      "minecraft:max_stack_size": 1,
      "minecraft:icon": "universal_goggles",
      "minecraft:allow_off_hand": true,
      "minecraft:wearable": {
        "slot": "slot.armor.head",
        "protection": 0
      },
      "minecraft:tags": {
        "tags": [
          "the_ore_finder_project:goggles",
          "allow_nightvision",
          "findblock:violet:minecraft:budding_amethyst",
          "findblock:grey_128:minecraft:coal_ore",
          "findblock:grey_128:minecraft:deepslate_coal_ore",
          "findblock:orange:minecraft:copper_ore",
          "findblock:orange:minecraft:deepslate_copper_ore",
          "findblock:orange:minecraft:raw_copper_block",
          "findblock:cyan:minecraft:diamond_ore",
          "findblock:cyan:minecraft:deepslate_diamond_ore",
          "findblock:green:minecraft:emerald_ore",
          "findblock:green:minecraft:deepslate_emerald_ore",
          "findblock:yellow:minecraft:gold_ore",
          "findblock:yellow:minecraft:deepslate_gold_ore",
          "findblock:yellow:minecraft:nether_gold_ore",
          "findblock:yellow:minecraft:raw_gold_block",
          "findblock:grey_192:minecraft:iron_ore",
          "findblock:grey_192:minecraft:deepslate_iron_ore",
          "findblock:grey_192:minecraft:raw_iron_block",
          "findblock:blue:minecraft:lapis_ore",
          "findblock:blue:minecraft:deepslate_lapis_ore",
          "findblock:red:minecraft:redstone_ore",
          "findblock:red:minecraft:deepslate_redstone_ore",
          "findblock:red:minecraft:lit_redstone_ore",
          "findblock:red:minecraft:lit_deepslate_redstone_ore",
          "findblock:dark_orange:minecraft:ancient_debris",
          "findblock:grey_192:minecraft:quartz_ore"
        ]
      }
    }
  }
}
