{
  "format_version": "1.10.0",
  "minecraft:attachable": {
    "description": {
      "identifier": "the_ore_finder_project:coal_ore_goggles",
      "render_controllers": ["controller.render.armor"],
      "materials": {
        "default": "entity_alphatest",
        "enchanted": "entity_alphatest_glint"
      },
      "textures": {
        "default": "textures/entity/attachable/coal_ore_goggles",
        "enchanted": "textures/misc/enchanted_item_glint"
      },
      "geometry": {
        "default": "geometry.ore_goggles"
      }
    }
  }
}
