{
  "format_version": "1.21.0",
  "minecraft:geometry": [
    {
      "description": {
        "identifier": "geometry.ore_goggles",
        "texture_width": 16,
        "texture_height": 16,
        "visible_bounds_width": 2,
        "visible_bounds_height": 2.5,
        "visible_bounds_offset": [0, 0.75, 0]
      },
      "bones": [
        {
          "name": "root_item",
          "pivot": [0, 1, 0]
        },
        {
          "name": "helmet",
          "parent": "root_item",
          "pivot": [0, 0, 0],
          "binding": "'head'",
          "cubes": [
            {
              "origin": [-1.5, 0.75, 4],
              "size": [0.75, 3, 0.5],
              "uv": {
                "north": { "uv": [11, 14], "uv_size": [1, 2] },
                "east": { "uv": [12, 14], "uv_size": [1, 2] },
                "south": { "uv": [13, 14], "uv_size": [1, 2] },
                "west": { "uv": [14, 14], "uv_size": [1, 2] },
                "up": { "uv": [15, 14], "uv_size": [1, 1] },
                "down": { "uv": [15, 16], "uv_size": [1, -1] }
              }
            },
            {
              "origin": [0.75, 1.75, 4],
              "size": [0.75, 2, 0.5],
              "uv": {
                "north": { "uv": [11, 12], "uv_size": [1, 2] },
                "east": { "uv": [12, 12], "uv_size": [1, 2] },
                "south": { "uv": [13, 12], "uv_size": [1, 2] },
                "west": { "uv": [14, 12], "uv_size": [1, 2] },
                "up": { "uv": [15, 12], "uv_size": [1, 1] },
                "down": { "uv": [15, 14], "uv_size": [1, -1] }
              }
            },
            {
              "origin": [-1, 3.25, 4.5],
              "size": [2, 1.5, 0.5],
              "uv": {
                "north": { "uv": [0, 14], "uv_size": [2, 2] },
                "east": { "uv": [2, 14], "uv_size": [1, 2] },
                "south": { "uv": [0, 14], "uv_size": [2, 2] },
                "west": { "uv": [2, 12], "uv_size": [1, 2] },
                "up": { "uv": [0, 13], "uv_size": [2, 1] },
                "down": { "uv": [0, 13], "uv_size": [2, -1] }
              }
            },
            {
              "origin": [-4.5, 5.25, -4],
              "size": [0.5, 0.75, 2],
              "uv": {
                "north": { "uv": [3, 6], "uv_size": [1, 1] },
                "east": { "uv": [0, 7], "uv_size": [3, 1] },
                "south": { "uv": [3, 7], "uv_size": [1, 1] },
                "west": { "uv": [0, 7], "uv_size": [3, 1] },
                "up": { "uv": [0, 6], "uv_size": [3, 1], "uv_rotation": 270 },
                "down": { "uv": [3, 8], "uv_size": [-3, 1], "uv_rotation": 270 }
              }
            },
            {
              "origin": [-4.5, 4.75, -2],
              "size": [0.5, 0.75, 2],
              "uv": {
                "north": { "uv": [7, 6], "uv_size": [1, 1] },
                "east": { "uv": [4, 7], "uv_size": [3, 1] },
                "south": { "uv": [7, 7], "uv_size": [1, 1] },
                "west": { "uv": [4, 7], "uv_size": [3, 1] },
                "up": { "uv": [4, 6], "uv_size": [3, 1], "uv_rotation": 90 },
                "down": { "uv": [7, 8], "uv_size": [-3, 1], "uv_rotation": 90 }
              }
            },
            {
              "origin": [-4.5, 4.25, 0],
              "size": [0.5, 0.75, 2],
              "uv": {
                "north": { "uv": [11, 6], "uv_size": [1, 1] },
                "east": { "uv": [8, 7], "uv_size": [3, 1] },
                "south": { "uv": [11, 7], "uv_size": [1, 1] },
                "west": { "uv": [8, 7], "uv_size": [3, 1] },
                "up": { "uv": [8, 6], "uv_size": [3, 1], "uv_rotation": 90 },
                "down": { "uv": [11, 8], "uv_size": [-3, 1], "uv_rotation": 90 }
              }
            },
            {
              "origin": [-4.5, 3.75, 2],
              "size": [0.5, 0.75, 2],
              "uv": {
                "north": { "uv": [15, 6], "uv_size": [1, 1] },
                "east": { "uv": [12, 7], "uv_size": [3, 1] },
                "south": { "uv": [15, 7], "uv_size": [1, 1] },
                "west": { "uv": [12, 7], "uv_size": [3, 1] },
                "up": { "uv": [12, 6], "uv_size": [3, 1], "uv_rotation": 90 },
                "down": { "uv": [15, 8], "uv_size": [-3, 1], "uv_rotation": 90 }
              }
            },
            {
              "origin": [-4, 3.75, 4],
              "size": [8, 0.75, 0.5],
              "uv": {
                "north": { "uv": [3, 13], "uv_size": [8, 1] },
                "east": { "uv": [3, 11], "uv_size": [1, 1] },
                "south": { "uv": [3, 15], "uv_size": [8, 1] },
                "west": { "uv": [7, 11], "uv_size": [1, 1] },
                "up": { "uv": [3, 12], "uv_size": [8, 1] },
                "down": { "uv": [3, 15], "uv_size": [8, -1] }
              }
            },
            {
              "origin": [4, 4.75, -2],
              "size": [0.5, 0.75, 2],
              "uv": {
                "north": { "uv": [7, 9], "uv_size": [1, 1] },
                "east": { "uv": [4, 10], "uv_size": [3, 1] },
                "south": { "uv": [7, 10], "uv_size": [1, 1] },
                "west": { "uv": [4, 10], "uv_size": [3, 1] },
                "up": { "uv": [4, 9], "uv_size": [3, 1], "uv_rotation": 90 },
                "down": { "uv": [7, 11], "uv_size": [-3, 1], "uv_rotation": 90 }
              }
            },
            {
              "origin": [4, 4.25, 0],
              "size": [0.5, 0.75, 2],
              "uv": {
                "north": { "uv": [11, 9], "uv_size": [1, 1] },
                "east": { "uv": [8, 10], "uv_size": [3, 1] },
                "south": { "uv": [11, 10], "uv_size": [1, 1] },
                "west": { "uv": [8, 10], "uv_size": [3, 1] },
                "up": { "uv": [8, 9], "uv_size": [3, 1], "uv_rotation": 90 },
                "down": {
                  "uv": [11, 11],
                  "uv_size": [-3, 1],
                  "uv_rotation": 90
                }
              }
            },
            {
              "origin": [4, 3.75, 2],
              "size": [0.5, 0.75, 2],
              "uv": {
                "north": { "uv": [15, 9], "uv_size": [1, 1] },
                "east": { "uv": [12, 10], "uv_size": [3, 1] },
                "south": { "uv": [15, 10], "uv_size": [1, 1] },
                "west": { "uv": [12, 10], "uv_size": [3, 1] },
                "up": { "uv": [12, 9], "uv_size": [3, 1], "uv_rotation": 90 },
                "down": {
                  "uv": [15, 11],
                  "uv_size": [-3, 1],
                  "uv_rotation": 90
                }
              }
            },
            {
              "origin": [4, 5.25, -4],
              "size": [0.5, 0.75, 2],
              "uv": {
                "north": { "uv": [3, 9], "uv_size": [1, 1] },
                "east": { "uv": [0, 10], "uv_size": [3, 1] },
                "south": { "uv": [3, 10], "uv_size": [1, 1] },
                "west": { "uv": [0, 10], "uv_size": [3, 1] },
                "up": { "uv": [0, 9], "uv_size": [3, 1], "uv_rotation": 90 },
                "down": { "uv": [3, 11], "uv_size": [-3, 1], "uv_rotation": 90 }
              }
            },
            {
              "origin": [-1.5, 6, -4.75],
              "size": [0.5, 0.5, 0.75],
              "uv": {
                "north": { "uv": [11, 0], "uv_size": [1, 1] },
                "east": { "uv": [11, 1], "uv_size": [1, 1] },
                "south": { "uv": [12, 1], "uv_size": [1, 1] },
                "west": { "uv": [13, 1], "uv_size": [1, 1] },
                "up": { "uv": [12, 0], "uv_size": [1, 1] },
                "down": { "uv": [13, 1], "uv_size": [1, -1] }
              }
            },
            {
              "origin": [-1.5, 4, -4.75],
              "size": [0.5, 0.5, 0.75],
              "uv": {
                "north": { "uv": [11, 2], "uv_size": [1, 1] },
                "east": { "uv": [11, 3], "uv_size": [1, 1] },
                "south": { "uv": [12, 3], "uv_size": [1, 1] },
                "west": { "uv": [13, 3], "uv_size": [1, 1] },
                "up": { "uv": [12, 2], "uv_size": [1, 1] },
                "down": { "uv": [13, 3], "uv_size": [1, -1] }
              }
            },
            {
              "origin": [-3.5, 4, -4.75],
              "size": [0.5, 0.5, 0.75],
              "uv": {
                "north": { "uv": [3, 2], "uv_size": [1, 1] },
                "east": { "uv": [3, 3], "uv_size": [1, 1] },
                "south": { "uv": [4, 3], "uv_size": [1, 1] },
                "west": { "uv": [5, 3], "uv_size": [1, 1] },
                "up": { "uv": [4, 2], "uv_size": [1, 1] },
                "down": { "uv": [5, 3], "uv_size": [1, -1] }
              }
            },
            {
              "origin": [-3.5, 6, -4.75],
              "size": [0.5, 0.5, 0.75],
              "uv": {
                "north": { "uv": [3, 0], "uv_size": [1, 1] },
                "east": { "uv": [3, 1], "uv_size": [1, 1] },
                "south": { "uv": [4, 1], "uv_size": [1, 1] },
                "west": { "uv": [5, 1], "uv_size": [1, 1] },
                "up": { "uv": [4, 0], "uv_size": [1, 1] },
                "down": { "uv": [5, 1], "uv_size": [1, -1] }
              }
            },
            {
              "origin": [-1.5, 4.5, -5],
              "size": [0.5, 1.5, 0.5],
              "uv": {
                "north": { "uv": [0, 2], "uv_size": [1, 2] },
                "east": { "uv": [0, 2], "uv_size": [1, 2] },
                "south": { "uv": [0, 2], "uv_size": [1, 2] },
                "west": { "uv": [0, 2], "uv_size": [1, 2] },
                "up": { "uv": [0, 2], "uv_size": [1, 1] },
                "down": { "uv": [0, 4], "uv_size": [1, -1] }
              }
            },
            {
              "origin": [-3.5, 4.5, -5],
              "size": [0.5, 1.5, 0.5],
              "uv": {
                "north": { "uv": [0, 0], "uv_size": [1, 2] },
                "east": { "uv": [0, 0], "uv_size": [1, 2] },
                "south": { "uv": [0, 0], "uv_size": [1, 2] },
                "west": { "uv": [0, 0], "uv_size": [1, 2] },
                "up": { "uv": [0, 0], "uv_size": [1, 1] },
                "down": { "uv": [0, 2], "uv_size": [1, -1] }
              }
            },
            {
              "origin": [-3, 4, -5],
              "size": [1.5, 0.5, 0.5],
              "uv": {
                "north": { "uv": [1, 3], "uv_size": [2, 1] },
                "east": { "uv": [1, 3], "uv_size": [1, 1] },
                "south": { "uv": [3, 3], "uv_size": [-2, 1] },
                "west": { "uv": [2, 3], "uv_size": [1, 1] },
                "up": { "uv": [1, 3], "uv_size": [2, 1] },
                "down": { "uv": [1, 4], "uv_size": [2, -1] }
              }
            },
            {
              "origin": [-4, 4.5, -4.75],
              "size": [0.5, 1.5, 0.75],
              "uv": {
                "north": { "uv": [0, 4], "uv_size": [1, 2] },
                "east": { "uv": [1, 4], "uv_size": [1, 2] },
                "south": { "uv": [2, 4], "uv_size": [1, 2] },
                "west": { "uv": [3, 4], "uv_size": [1, 2] },
                "up": { "uv": [4, 4], "uv_size": [1, 1] },
                "down": { "uv": [4, 6], "uv_size": [1, -1] }
              }
            },
            {
              "origin": [-3, 3.5, -4.75],
              "size": [1.5, 0.5, 0.75],
              "uv": {
                "north": { "uv": [6, 3], "uv_size": [2, 1] },
                "east": { "uv": [8, 3], "uv_size": [1, 1] },
                "south": { "uv": [9, 3], "uv_size": [2, 1] },
                "west": { "uv": [8, 2], "uv_size": [1, 1] },
                "up": { "uv": [6, 2], "uv_size": [2, 1] },
                "down": { "uv": [9, 3], "uv_size": [2, -1] }
              }
            },
            {
              "origin": [-3, 6.5, -4.75],
              "size": [1.5, 0.5, 0.75],
              "uv": {
                "north": { "uv": [6, 1], "uv_size": [2, 1] },
                "east": { "uv": [8, 1], "uv_size": [1, 1] },
                "south": { "uv": [9, 1], "uv_size": [2, 1] },
                "west": { "uv": [8, 0], "uv_size": [1, 1] },
                "up": { "uv": [6, 0], "uv_size": [2, 1] },
                "down": { "uv": [9, 1], "uv_size": [2, -1] }
              }
            },
            {
              "origin": [-3, 6, -5],
              "size": [1.5, 0.5, 0.5],
              "uv": {
                "north": { "uv": [1, 0], "uv_size": [2, 1] },
                "east": { "uv": [1, 0], "uv_size": [1, 1] },
                "south": { "uv": [3, 0], "uv_size": [-2, 1] },
                "west": { "uv": [2, 0], "uv_size": [1, 1] },
                "up": { "uv": [1, 1], "uv_size": [2, -1] },
                "down": { "uv": [1, 1], "uv_size": [2, -1] }
              }
            },
            {
              "origin": [-3, 4.5, -4.75],
              "size": [1.5, 1.5, 0],
              "uv": {
                "north": { "uv": [1, 1], "uv_size": [2, 2] },
                "east": { "uv": [1, 1], "uv_size": [1, 2] },
                "south": { "uv": [3, 1], "uv_size": [-2, 2] },
                "west": { "uv": [2, 1], "uv_size": [1, 2] },
                "up": { "uv": [1, 2], "uv_size": [2, -1] },
                "down": { "uv": [1, 3], "uv_size": [2, -1] }
              }
            },
            {
              "origin": [-1, 4.5, -4.75],
              "size": [2, 1.5, 0.75],
              "uv": {
                "north": { "uv": [5, 4], "uv_size": [2, 2] },
                "east": { "uv": [7, 4], "uv_size": [1, 2] },
                "south": { "uv": [8, 4], "uv_size": [2, 2] },
                "west": { "uv": [10, 4], "uv_size": [1, 2] },
                "up": { "uv": [14, 2], "uv_size": [2, 1] },
                "down": { "uv": [14, 4], "uv_size": [2, -1] }
              }
            },
            {
              "origin": [3, 6, -4.75],
              "size": [0.5, 0.5, 0.75],
              "uv": {
                "north": { "uv": [11, 0], "uv_size": [1, 1] },
                "east": { "uv": [11, 1], "uv_size": [1, 1] },
                "south": { "uv": [12, 1], "uv_size": [1, 1] },
                "west": { "uv": [13, 1], "uv_size": [1, 1] },
                "up": { "uv": [12, 0], "uv_size": [1, 1] },
                "down": { "uv": [13, 1], "uv_size": [1, -1] }
              }
            },
            {
              "origin": [3, 4, -4.75],
              "size": [0.5, 0.5, 0.75],
              "uv": {
                "north": { "uv": [11, 2], "uv_size": [1, 1] },
                "east": { "uv": [11, 3], "uv_size": [1, 1] },
                "south": { "uv": [12, 3], "uv_size": [1, 1] },
                "west": { "uv": [13, 3], "uv_size": [1, 1] },
                "up": { "uv": [12, 2], "uv_size": [1, 1] },
                "down": { "uv": [13, 3], "uv_size": [1, -1] }
              }
            },
            {
              "origin": [1, 4, -4.75],
              "size": [0.5, 0.5, 0.75],
              "uv": {
                "north": { "uv": [3, 2], "uv_size": [1, 1] },
                "east": { "uv": [3, 3], "uv_size": [1, 1] },
                "south": { "uv": [4, 3], "uv_size": [1, 1] },
                "west": { "uv": [5, 3], "uv_size": [1, 1] },
                "up": { "uv": [4, 2], "uv_size": [1, 1] },
                "down": { "uv": [5, 3], "uv_size": [1, -1] }
              }
            },
            {
              "origin": [1, 6, -4.75],
              "size": [0.5, 0.5, 0.75],
              "uv": {
                "north": { "uv": [3, 0], "uv_size": [1, 1] },
                "east": { "uv": [3, 1], "uv_size": [1, 1] },
                "south": { "uv": [4, 1], "uv_size": [1, 1] },
                "west": { "uv": [5, 1], "uv_size": [1, 1] },
                "up": { "uv": [4, 0], "uv_size": [1, 1] },
                "down": { "uv": [5, 1], "uv_size": [1, -1] }
              }
            },
            {
              "origin": [3, 4.5, -5],
              "size": [0.5, 1.5, 0.5],
              "uv": {
                "north": { "uv": [0, 2], "uv_size": [1, 2] },
                "east": { "uv": [0, 2], "uv_size": [1, 2] },
                "south": { "uv": [0, 2], "uv_size": [1, 2] },
                "west": { "uv": [0, 2], "uv_size": [1, 2] },
                "up": { "uv": [0, 2], "uv_size": [1, 1] },
                "down": { "uv": [0, 4], "uv_size": [1, -1] }
              }
            },
            {
              "origin": [1, 4.5, -5],
              "size": [0.5, 1.5, 0.5],
              "uv": {
                "north": { "uv": [0, 0], "uv_size": [1, 2] },
                "east": { "uv": [0, 0], "uv_size": [1, 2] },
                "south": { "uv": [0, 0], "uv_size": [1, 2] },
                "west": { "uv": [0, 0], "uv_size": [1, 2] },
                "up": { "uv": [0, 0], "uv_size": [1, 1] },
                "down": { "uv": [0, 2], "uv_size": [1, -1] }
              }
            },
            {
              "origin": [1.5, 4, -5],
              "size": [1.5, 0.5, 0.5],
              "uv": {
                "north": { "uv": [1, 3], "uv_size": [2, 1] },
                "east": { "uv": [1, 3], "uv_size": [1, 1] },
                "south": { "uv": [3, 3], "uv_size": [-2, 1] },
                "west": { "uv": [2, 3], "uv_size": [1, 1] },
                "up": { "uv": [1, 3], "uv_size": [2, 1] },
                "down": { "uv": [1, 4], "uv_size": [2, -1] }
              }
            },
            {
              "origin": [3.5, 4.5, -4.75],
              "size": [0.5, 1.5, 0.75],
              "uv": {
                "north": { "uv": [11, 4], "uv_size": [1, 2] },
                "east": { "uv": [12, 4], "uv_size": [1, 2] },
                "south": { "uv": [13, 4], "uv_size": [1, 2] },
                "west": { "uv": [14, 4], "uv_size": [1, 2] },
                "up": { "uv": [15, 4], "uv_size": [1, 1] },
                "down": { "uv": [15, 6], "uv_size": [1, -1] }
              }
            },
            {
              "origin": [1.5, 3.5, -4.75],
              "size": [1.5, 0.5, 0.75],
              "uv": {
                "north": { "uv": [6, 3], "uv_size": [2, 1] },
                "east": { "uv": [8, 3], "uv_size": [1, 1] },
                "south": { "uv": [9, 3], "uv_size": [2, 1] },
                "west": { "uv": [8, 2], "uv_size": [1, 1] },
                "up": { "uv": [6, 2], "uv_size": [2, 1] },
                "down": { "uv": [9, 3], "uv_size": [2, -1] }
              }
            },
            {
              "origin": [1.5, 6.5, -4.75],
              "size": [1.5, 0.5, 0.75],
              "uv": {
                "north": { "uv": [6, 1], "uv_size": [2, 1] },
                "east": { "uv": [8, 1], "uv_size": [1, 1] },
                "south": { "uv": [9, 1], "uv_size": [2, 1] },
                "west": { "uv": [8, 0], "uv_size": [1, 1] },
                "up": { "uv": [6, 0], "uv_size": [2, 1] },
                "down": { "uv": [9, 1], "uv_size": [2, -1] }
              }
            },
            {
              "origin": [1.5, 6, -5],
              "size": [1.5, 0.5, 0.5],
              "uv": {
                "north": { "uv": [1, 0], "uv_size": [2, 1] },
                "east": { "uv": [1, 0], "uv_size": [1, 1] },
                "south": { "uv": [3, 0], "uv_size": [-2, 1] },
                "west": { "uv": [2, 0], "uv_size": [1, 1] },
                "up": { "uv": [1, 0], "uv_size": [2, 1] },
                "down": { "uv": [1, 1], "uv_size": [2, -1] }
              }
            },
            {
              "origin": [1.5, 4.5, -4.75],
              "size": [1.5, 1.5, 0],
              "uv": {
                "north": { "uv": [1, 1], "uv_size": [2, 2] },
                "east": { "uv": [1, 1], "uv_size": [1, 2] },
                "south": { "uv": [3, 1], "uv_size": [-2, 2] },
                "west": { "uv": [2, 1], "uv_size": [1, 2] },
                "up": { "uv": [1, 1], "uv_size": [2, 1] },
                "down": { "uv": [1, 3], "uv_size": [2, -1] }
              }
            }
          ]
        }
      ]
    }
  ]
}
