{
  "format_version": "1.10.0",
  "minecraft:client_entity": {
    "description": {
      "identifier": "the_ore_finder_project:outline_indicator_entity",
      "materials": {
        "default": "entity_seethrough"
      },
      "textures": {
        "default": "textures/glow/blank",

        "red": "textures/glow/red",
        "orange": "textures/glow/orange",
        "yellow": "textures/glow/yellow",
        "lime": "textures/glow/lime",
        "green": "textures/glow/green",
        "aqua": "textures/glow/aqua",
        "cyan": "textures/glow/cyan",
        "azure": "textures/glow/azure",
        "blue": "textures/glow/blue",
        "violet": "textures/glow/violet",
        "magenta": "textures/glow/magenta",
        "rose": "textures/glow/rose",

        "dark_red": "textures/glow/dark/red",
        "dark_orange": "textures/glow/dark/orange",
        "dark_yellow": "textures/glow/dark/yellow",
        "dark_lime": "textures/glow/dark/lime",
        "dark_green": "textures/glow/dark/green",
        "dark_aqua": "textures/glow/dark/aqua",
        "dark_cyan": "textures/glow/dark/cyan",
        "dark_azure": "textures/glow/dark/azure",
        "dark_blue": "textures/glow/dark/blue",
        "dark_violet": "textures/glow/dark/violet",
        "dark_magenta": "textures/glow/dark/magenta",
        "dark_rose": "textures/glow/dark/rose",

        "light_red": "textures/glow/light/red",
        "light_orange": "textures/glow/light/orange",
        "light_yellow": "textures/glow/light/yellow",
        "light_lime": "textures/glow/light/lime",
        "light_green": "textures/glow/light/green",
        "light_aqua": "textures/glow/light/aqua",
        "light_cyan": "textures/glow/light/cyan",
        "light_azure": "textures/glow/light/azure",
        "light_blue": "textures/glow/light/blue",
        "light_violet": "textures/glow/light/violet",
        "light_magenta": "textures/glow/light/magenta",
        "light_rose": "textures/glow/light/rose",

        "grey_64": "textures/glow/grey_64",
        "grey_128": "textures/glow/grey_128",
        "grey_192": "textures/glow/grey_192",
        "white": "textures/glow/white"
      },
      "geometry": {
        "default": "geometry.outline"
      },
      "render_controllers": ["controller.render.vanilla_indicator"]
    }
  }
}
