{
  "format_version": "1.12",
  "minecraft:recipe_shapeless": {
    "description": {
      "identifier": "the_ore_finder_project:emerald_ore_goggles_recipe"
    },
    "tags": ["crafting_table"],
    "ingredients": [
      {
        "item": "minecraft:emerald"
      },
      {
        "item": "minecraft:leather"
      },
      {
        "item": "minecraft:spider_eye"
      }
    ],
    "result": {
      "item": "the_ore_finder_project:emerald_ore_goggles",
      "count": 1
    }
  }
}
