{
  "format_version": "1.12",
  "minecraft:recipe_shapeless": {
    "description": {
      "identifier": "the_ore_finder_project:overworld_goggles_recipe"
    },
    "tags": ["crafting_table"],
    "ingredients": [
      {
        "item": "the_ore_finder_project:budding_amethyst_goggles"
      },
      {
        "item": "the_ore_finder_project:coal_ore_goggles"
      },
      {
        "item": "the_ore_finder_project:copper_ore_goggles"
      },
      {
        "item": "the_ore_finder_project:diamond_ore_goggles"
      },
      {
        "item": "the_ore_finder_project:emerald_ore_goggles"
      },
      {
        "item": "the_ore_finder_project:gold_ore_goggles"
      },
      {
        "item": "the_ore_finder_project:iron_ore_goggles"
      },
      {
        "item": "the_ore_finder_project:lapis_ore_goggles"
      },
      {
        "item": "the_ore_finder_project:redstone_ore_goggles"
      }
    ],
    "result": {
      "item": "the_ore_finder_project:overworld_goggles",
      "count": 1
    }
  }
}
