{
  "format_version": "1.12",
  "minecraft:recipe_shapeless": {
    "description": {
      "identifier": "the_ore_finder_project:universal_goggles_recipe"
    },
    "tags": ["crafting_table"],
    "ingredients": [
      {
        "item": "the_ore_finder_project:overworld_goggles"
      },
      {
        "item": "the_ore_finder_project:ancient_debris_goggles"
      },
      {
        "item": "the_ore_finder_project:quartz_ore_goggles"
      }
    ],
    "result": {
      "item": "the_ore_finder_project:universal_goggles",
      "count": 1
    }
  }
}
