{
  "format_version": "1.10.0",
  "minecraft:entity": {
    "description": {
      "identifier": "the_ore_finder_project:ore_indicator_entity",
      "runtime_identifier": "minecraft:snowball",
      "is_spawnable": false,
      "is_summonable": true
    },
    "components": {},
    "component_groups": {
      "the_ore_finder_project:default": {
        "minecraft:variant": { "value": 0 }
      },
      "the_ore_finder_project:coal_ore": {
        "minecraft:variant": { "value": 1 }
      },
      "the_ore_finder_project:deepslate_coal_ore": {
        "minecraft:variant": { "value": 2 }
      },
      "the_ore_finder_project:copper_ore": {
        "minecraft:variant": { "value": 3 }
      },
      "the_ore_finder_project:deepslate_copper_ore": {
        "minecraft:variant": { "value": 4 }
      },
      "the_ore_finder_project:raw_copper_block": {
        "minecraft:variant": { "value": 5 }
      },
      "the_ore_finder_project:iron_ore": {
        "minecraft:variant": { "value": 6 }
      },
      "the_ore_finder_project:deepslate_iron_ore": {
        "minecraft:variant": { "value": 7 }
      },
      "the_ore_finder_project:raw_iron_block": {
        "minecraft:variant": { "value": 8 }
      },
      "the_ore_finder_project:gold_ore": {
        "minecraft:variant": { "value": 9 }
      },
      "the_ore_finder_project:deepslate_gold_ore": {
        "minecraft:variant": { "value": 10 }
      },
      "the_ore_finder_project:raw_gold_block": {
        "minecraft:variant": { "value": 11 }
      },
      "the_ore_finder_project:nether_gold_ore": {
        "minecraft:variant": { "value": 12 }
      },
      "the_ore_finder_project:diamond_ore": {
        "minecraft:variant": { "value": 13 }
      },
      "the_ore_finder_project:deepslate_diamond_ore": {
        "minecraft:variant": { "value": 14 }
      },
      "the_ore_finder_project:emerald_ore": {
        "minecraft:variant": { "value": 15 }
      },
      "the_ore_finder_project:deepslate_emerald_ore": {
        "minecraft:variant": { "value": 16 }
      },
      "the_ore_finder_project:redstone_ore": {
        "minecraft:variant": { "value": 17 }
      },
      "the_ore_finder_project:deepslate_redstone_ore": {
        "minecraft:variant": { "value": 18 }
      },
      "the_ore_finder_project:lapis_ore": {
        "minecraft:variant": { "value": 19 }
      },
      "the_ore_finder_project:deepslate_lapis_ore": {
        "minecraft:variant": { "value": 20 }
      },
      "the_ore_finder_project:budding_amethyst": {
        "minecraft:variant": { "value": 21 }
      },
      "the_ore_finder_project:quartz_ore": {
        "minecraft:variant": { "value": 22 }
      },
      "the_ore_finder_project:ancient_debris": {
        "minecraft:variant": { "value": 23 }
      }
    },
    "events": {
      "the_ore_finder_project:default": {
        "add": { "component_groups": ["the_ore_finder_project:default"] }
      },
      "the_ore_finder_project:coal_ore": {
        "add": { "component_groups": ["the_ore_finder_project:coal_ore"] }
      },
      "the_ore_finder_project:deepslate_coal_ore": {
        "add": { "component_groups": ["the_ore_finder_project:deepslate_coal_ore"] }
      },
      "the_ore_finder_project:copper_ore": {
        "add": { "component_groups": ["the_ore_finder_project:copper_ore"] }
      },
      "the_ore_finder_project:deepslate_copper_ore": {
        "add": { "component_groups": ["the_ore_finder_project:deepslate_copper_ore"] }
      },
      "the_ore_finder_project:raw_copper_block": {
        "add": { "component_groups": ["the_ore_finder_project:raw_copper_block"] }
      },
      "the_ore_finder_project:iron_ore": {
        "add": { "component_groups": ["the_ore_finder_project:iron_ore"] }
      },
      "the_ore_finder_project:deepslate_iron_ore": {
        "add": { "component_groups": ["the_ore_finder_project:deepslate_iron_ore"] }
      },
      "the_ore_finder_project:raw_iron_block": {
        "add": { "component_groups": ["the_ore_finder_project:raw_iron_block"] }
      },
      "the_ore_finder_project:gold_ore": {
        "add": { "component_groups": ["the_ore_finder_project:gold_ore"] }
      },
      "the_ore_finder_project:deepslate_gold_ore": {
        "add": { "component_groups": ["the_ore_finder_project:deepslate_gold_ore"] }
      },
      "the_ore_finder_project:raw_gold_block": {
        "add": { "component_groups": ["the_ore_finder_project:raw_gold_block"] }
      },
      "the_ore_finder_project:nether_gold_ore": {
        "add": { "component_groups": ["the_ore_finder_project:nether_gold_ore"] }
      },
      "the_ore_finder_project:diamond_ore": {
        "add": { "component_groups": ["the_ore_finder_project:diamond_ore"] }
      },
      "the_ore_finder_project:deepslate_diamond_ore": {
        "add": { "component_groups": ["the_ore_finder_project:deepslate_diamond_ore"] }
      },
      "the_ore_finder_project:emerald_ore": {
        "add": { "component_groups": ["the_ore_finder_project:emerald_ore"] }
      },
      "the_ore_finder_project:deepslate_emerald_ore": {
        "add": { "component_groups": ["the_ore_finder_project:deepslate_emerald_ore"] }
      },
      "the_ore_finder_project:redstone_ore": {
        "add": { "component_groups": ["the_ore_finder_project:redstone_ore"] }
      },
      "the_ore_finder_project:deepslate_redstone_ore": {
        "add": { "component_groups": ["the_ore_finder_project:deepslate_redstone_ore"] }
      },
      "the_ore_finder_project:lapis_ore": {
        "add": { "component_groups": ["the_ore_finder_project:lapis_ore"] }
      },
      "the_ore_finder_project:deepslate_lapis_ore": {
        "add": { "component_groups": ["the_ore_finder_project:deepslate_lapis_ore"] }
      },
      "the_ore_finder_project:budding_amethyst": {
        "add": { "component_groups": ["the_ore_finder_project:budding_amethyst"] }
      },
      "the_ore_finder_project:quartz_ore": {
        "add": { "component_groups": ["the_ore_finder_project:quartz_ore"] }
      },
      "the_ore_finder_project:ancient_debris": {
        "add": { "component_groups": ["the_ore_finder_project:ancient_debris"] }
      }
    }
  }
}
