{
	"format_version": "1.21.0",
	"minecraft:geometry": [
		{
			"description": {
				"identifier": "geometry.box",
				"texture_width": 8,
				"texture_height": 8,
				"visible_bounds_width": 3,
				"visible_bounds_height": 2.5,
				"visible_bounds_offset": [0, 0.75, 0]
			},
			"bones": [
				{
					"name": "box",
					"pivot": [0, 0, 0],
					"cubes": [
						{
							"origin": [-4, -4, -4],
							"size": [8, 8, 8],
							"uv": {
								"north": {"uv": [0, 4], "uv_size": [4, 4]},
								"east": {"uv": [0, 4], "uv_size": [4, 4]},
								"south": {"uv": [0, 4], "uv_size": [4, 4]},
								"west": {"uv": [0, 4], "uv_size": [4, 4]},
								"up": {"uv": [4, 8], "uv_size": [-4, -4]},
								"down": {"uv": [4, 8], "uv_size": [-4, -4]}
							}
						}
					]
				}
			]
		}
	]
}