{
	"format_version": "1.21.0",
	"minecraft:geometry": [
		{
			"description": {
				"identifier": "geometry.orb",
				"texture_width": 32,
				"texture_height": 32,
				"visible_bounds_width": 2,
				"visible_bounds_height": 2.5,
				"visible_bounds_offset": [0, 0.75, 0]
			},
			"bones": [
				{
					"name": "ore_indicator",
					"pivot": [0, 0, 0],
					"cubes": [
						{
							"origin": [-2.5, -2.5, -2.5],
							"size": [5, 5, 5],
							"uv": {
								"north": {"uv": [1, 1], "uv_size": [10, 10]},
								"east": {"uv": [1, 1], "uv_size": [10, 10]},
								"south": {"uv": [1, 1], "uv_size": [10, 10]},
								"west": {"uv": [1, 1], "uv_size": [10, 10]},
								"up": {"uv": [1, 1], "uv_size": [10, 10]},
								"down": {"uv": [1, 11], "uv_size": [10, -10]}
							}
						}
					]
				},
				{
					"name": "Joiners",
					"parent": "ore_indicator",
					"pivot": [0, -8, 0],
					"cubes": [
						{
							"origin": [-1, 2.5, -3],
							"size": [2, 0.5, 0.5],
							"uv": {
								"north": {"uv": [15, 1], "uv_size": [1, 1]},
								"east": {"uv": [15, 1], "uv_size": [1, 1]},
								"south": {"uv": [17, 1], "uv_size": [1, 1], "uv_rotation": 270},
								"west": {"uv": [15, 1], "uv_size": [1, 1]},
								"up": {"uv": [16, 2], "uv_size": [-1, -1]},
								"down": {"uv": [18, 2], "uv_size": [-1, -1]}
							}
						},
						{
							"origin": [-1, 2.5, -3],
							"size": [2, 0.5, 0.5],
							"pivot": [0, 0, 0],
							"rotation": [0, 0, 90],
							"uv": {
								"north": {"uv": [15, 1], "uv_size": [1, 1]},
								"east": {"uv": [15, 1], "uv_size": [1, 1]},
								"south": {"uv": [17, 1], "uv_size": [1, 1], "uv_rotation": 270},
								"west": {"uv": [15, 1], "uv_size": [1, 1]},
								"up": {"uv": [16, 2], "uv_size": [-1, -1]},
								"down": {"uv": [18, 2], "uv_size": [-1, -1]}
							}
						},
						{
							"origin": [-1, 2.5, -3],
							"size": [2, 0.5, 0.5],
							"pivot": [0, 0, 0],
							"rotation": [0, 0, -90],
							"uv": {
								"north": {"uv": [15, 1], "uv_size": [1, 1]},
								"east": {"uv": [15, 1], "uv_size": [1, 1]},
								"south": {"uv": [17, 1], "uv_size": [1, 1], "uv_rotation": 270},
								"west": {"uv": [15, 1], "uv_size": [1, 1]},
								"up": {"uv": [16, 2], "uv_size": [-1, -1]},
								"down": {"uv": [18, 2], "uv_size": [-1, -1]}
							}
						},
						{
							"origin": [-1, 2.5, -3],
							"size": [2, 0.5, 0.5],
							"pivot": [0, 0, 0],
							"rotation": [-180, 0, -90],
							"uv": {
								"north": {"uv": [15, 1], "uv_size": [1, 1]},
								"east": {"uv": [15, 1], "uv_size": [1, 1]},
								"south": {"uv": [17, 1], "uv_size": [1, 1], "uv_rotation": 270},
								"west": {"uv": [15, 1], "uv_size": [1, 1]},
								"up": {"uv": [16, 2], "uv_size": [-1, -1]},
								"down": {"uv": [18, 2], "uv_size": [-1, -1]}
							}
						},
						{
							"origin": [-1, 2.5, -3],
							"size": [2, 0.5, 0.5],
							"pivot": [0, 0, 0],
							"rotation": [-180, 0, 90],
							"uv": {
								"north": {"uv": [15, 1], "uv_size": [1, 1]},
								"east": {"uv": [15, 1], "uv_size": [1, 1]},
								"south": {"uv": [17, 1], "uv_size": [1, 1], "uv_rotation": 270},
								"west": {"uv": [15, 1], "uv_size": [1, 1]},
								"up": {"uv": [16, 2], "uv_size": [-1, -1]},
								"down": {"uv": [18, 2], "uv_size": [-1, -1]}
							}
						},
						{
							"origin": [-1, 2.5, -3],
							"size": [2, 0.5, 0.5],
							"pivot": [0, -8, 0],
							"rotation": [0, 90, 0],
							"uv": {
								"north": {"uv": [15, 1], "uv_size": [1, 1]},
								"east": {"uv": [15, 1], "uv_size": [1, 1]},
								"south": {"uv": [17, 1], "uv_size": [1, 1], "uv_rotation": 270},
								"west": {"uv": [15, 1], "uv_size": [1, 1]},
								"up": {"uv": [16, 2], "uv_size": [-1, -1]},
								"down": {"uv": [18, 2], "uv_size": [-1, -1]}
							}
						},
						{
							"origin": [-1, 2.5, -3],
							"size": [2, 0.5, 0.5],
							"pivot": [0, -8, 0],
							"rotation": [0, 180, 0],
							"uv": {
								"north": {"uv": [15, 1], "uv_size": [1, 1]},
								"east": {"uv": [15, 1], "uv_size": [1, 1]},
								"south": {"uv": [17, 1], "uv_size": [1, 1], "uv_rotation": 270},
								"west": {"uv": [15, 1], "uv_size": [1, 1]},
								"up": {"uv": [16, 2], "uv_size": [-1, -1]},
								"down": {"uv": [18, 2], "uv_size": [-1, -1]}
							}
						},
						{
							"origin": [-1, 2.5, -3],
							"size": [2, 0.5, 0.5],
							"pivot": [0, -8, 0],
							"rotation": [0, -90, 0],
							"uv": {
								"north": {"uv": [15, 1], "uv_size": [1, 1]},
								"east": {"uv": [15, 1], "uv_size": [1, 1]},
								"south": {"uv": [17, 1], "uv_size": [1, 1], "uv_rotation": 270},
								"west": {"uv": [15, 1], "uv_size": [1, 1]},
								"up": {"uv": [16, 2], "uv_size": [-1, -1]},
								"down": {"uv": [18, 2], "uv_size": [-1, -1]}
							}
						},
						{
							"origin": [-1, 2.5, -3],
							"size": [2, 0.5, 0.5],
							"pivot": [0, 0, 0],
							"rotation": [180, 0, 0],
							"uv": {
								"north": {"uv": [15, 1], "uv_size": [1, 1]},
								"east": {"uv": [15, 1], "uv_size": [1, 1]},
								"south": {"uv": [17, 1], "uv_size": [1, 1], "uv_rotation": 270},
								"west": {"uv": [15, 1], "uv_size": [1, 1]},
								"up": {"uv": [16, 2], "uv_size": [-1, -1]},
								"down": {"uv": [18, 2], "uv_size": [-1, -1]}
							}
						},
						{
							"origin": [-1, 2.5, -3],
							"size": [2, 0.5, 0.5],
							"pivot": [0, 0, 0],
							"rotation": [0, -90, 180],
							"uv": {
								"north": {"uv": [15, 1], "uv_size": [1, 1]},
								"east": {"uv": [15, 1], "uv_size": [1, 1]},
								"south": {"uv": [17, 1], "uv_size": [1, 1], "uv_rotation": 270},
								"west": {"uv": [15, 1], "uv_size": [1, 1]},
								"up": {"uv": [16, 2], "uv_size": [-1, -1]},
								"down": {"uv": [18, 2], "uv_size": [-1, -1]}
							}
						},
						{
							"origin": [-1, 2.5, -3],
							"size": [2, 0.5, 0.5],
							"pivot": [0, 0, 0],
							"rotation": [0, 0, 180],
							"uv": {
								"north": {"uv": [15, 1], "uv_size": [1, 1]},
								"east": {"uv": [15, 1], "uv_size": [1, 1]},
								"south": {"uv": [17, 1], "uv_size": [1, 1], "uv_rotation": 270},
								"west": {"uv": [15, 1], "uv_size": [1, 1]},
								"up": {"uv": [16, 2], "uv_size": [-1, -1]},
								"down": {"uv": [18, 2], "uv_size": [-1, -1]}
							}
						},
						{
							"origin": [-1, 2.5, -3],
							"size": [2, 0.5, 0.5],
							"pivot": [0, 0, 0],
							"rotation": [0, 90, -180],
							"uv": {
								"north": {"uv": [15, 1], "uv_size": [1, 1]},
								"east": {"uv": [15, 1], "uv_size": [1, 1]},
								"south": {"uv": [17, 1], "uv_size": [1, 1], "uv_rotation": 270},
								"west": {"uv": [15, 1], "uv_size": [1, 1]},
								"up": {"uv": [16, 2], "uv_size": [-1, -1]},
								"down": {"uv": [18, 2], "uv_size": [-1, -1]}
							}
						},
						{
							"origin": [-1, 2.5, -3],
							"size": [2, 0.5, 0.5],
							"uv": {
								"north": {"uv": [15, 1], "uv_size": [1, 1]},
								"east": {"uv": [15, 1], "uv_size": [1, 1]},
								"south": {"uv": [17, 1], "uv_size": [1, 1], "uv_rotation": 270},
								"west": {"uv": [15, 1], "uv_size": [1, 1]},
								"up": {"uv": [16, 2], "uv_size": [-1, -1]},
								"down": {"uv": [18, 2], "uv_size": [-1, -1]}
							}
						},
						{
							"origin": [-1, 2.5, -3],
							"size": [2, 0.5, 0.5],
							"pivot": [0, 0, 0],
							"rotation": [0, 0, 90],
							"uv": {
								"north": {"uv": [15, 1], "uv_size": [1, 1]},
								"east": {"uv": [15, 1], "uv_size": [1, 1]},
								"south": {"uv": [17, 1], "uv_size": [1, 1], "uv_rotation": 270},
								"west": {"uv": [15, 1], "uv_size": [1, 1]},
								"up": {"uv": [16, 2], "uv_size": [-1, -1]},
								"down": {"uv": [18, 2], "uv_size": [-1, -1]}
							}
						},
						{
							"origin": [-1, 2.5, -3],
							"size": [2, 0.5, 0.5],
							"pivot": [0, 0, 0],
							"rotation": [0, 0, -90],
							"uv": {
								"north": {"uv": [15, 1], "uv_size": [1, 1]},
								"east": {"uv": [15, 1], "uv_size": [1, 1]},
								"south": {"uv": [17, 1], "uv_size": [1, 1], "uv_rotation": 270},
								"west": {"uv": [15, 1], "uv_size": [1, 1]},
								"up": {"uv": [16, 2], "uv_size": [-1, -1]},
								"down": {"uv": [18, 2], "uv_size": [-1, -1]}
							}
						},
						{
							"origin": [-1, 2.5, -3],
							"size": [2, 0.5, 0.5],
							"pivot": [0, 0, 0],
							"rotation": [-180, 0, -90],
							"uv": {
								"north": {"uv": [15, 1], "uv_size": [1, 1]},
								"east": {"uv": [15, 1], "uv_size": [1, 1]},
								"south": {"uv": [17, 1], "uv_size": [1, 1], "uv_rotation": 270},
								"west": {"uv": [15, 1], "uv_size": [1, 1]},
								"up": {"uv": [16, 2], "uv_size": [-1, -1]},
								"down": {"uv": [18, 2], "uv_size": [-1, -1]}
							}
						},
						{
							"origin": [-1, 2.5, -3],
							"size": [2, 0.5, 0.5],
							"pivot": [0, 0, 0],
							"rotation": [-180, 0, 90],
							"uv": {
								"north": {"uv": [15, 1], "uv_size": [1, 1]},
								"east": {"uv": [15, 1], "uv_size": [1, 1]},
								"south": {"uv": [17, 1], "uv_size": [1, 1], "uv_rotation": 270},
								"west": {"uv": [15, 1], "uv_size": [1, 1]},
								"up": {"uv": [16, 2], "uv_size": [-1, -1]},
								"down": {"uv": [18, 2], "uv_size": [-1, -1]}
							}
						},
						{
							"origin": [-1, 2.5, -3],
							"size": [2, 0.5, 0.5],
							"pivot": [0, -8, 0],
							"rotation": [0, 90, 0],
							"uv": {
								"north": {"uv": [15, 1], "uv_size": [1, 1]},
								"east": {"uv": [15, 1], "uv_size": [1, 1]},
								"south": {"uv": [17, 1], "uv_size": [1, 1], "uv_rotation": 270},
								"west": {"uv": [15, 1], "uv_size": [1, 1]},
								"up": {"uv": [16, 2], "uv_size": [-1, -1]},
								"down": {"uv": [18, 2], "uv_size": [-1, -1]}
							}
						},
						{
							"origin": [-1, 2.5, -3],
							"size": [2, 0.5, 0.5],
							"pivot": [0, -8, 0],
							"rotation": [0, 180, 0],
							"uv": {
								"north": {"uv": [15, 1], "uv_size": [1, 1]},
								"east": {"uv": [15, 1], "uv_size": [1, 1]},
								"south": {"uv": [17, 1], "uv_size": [1, 1], "uv_rotation": 270},
								"west": {"uv": [15, 1], "uv_size": [1, 1]},
								"up": {"uv": [16, 2], "uv_size": [-1, -1]},
								"down": {"uv": [18, 2], "uv_size": [-1, -1]}
							}
						},
						{
							"origin": [-1, 2.5, -3],
							"size": [2, 0.5, 0.5],
							"pivot": [0, -8, 0],
							"rotation": [0, -90, 0],
							"uv": {
								"north": {"uv": [15, 1], "uv_size": [1, 1]},
								"east": {"uv": [15, 1], "uv_size": [1, 1]},
								"south": {"uv": [17, 1], "uv_size": [1, 1], "uv_rotation": 270},
								"west": {"uv": [15, 1], "uv_size": [1, 1]},
								"up": {"uv": [16, 2], "uv_size": [-1, -1]},
								"down": {"uv": [18, 2], "uv_size": [-1, -1]}
							}
						},
						{
							"origin": [-1, 2.5, -3],
							"size": [2, 0.5, 0.5],
							"pivot": [0, 0, 0],
							"rotation": [180, 0, 0],
							"uv": {
								"north": {"uv": [15, 1], "uv_size": [1, 1]},
								"east": {"uv": [15, 1], "uv_size": [1, 1]},
								"south": {"uv": [17, 1], "uv_size": [1, 1], "uv_rotation": 270},
								"west": {"uv": [15, 1], "uv_size": [1, 1]},
								"up": {"uv": [16, 2], "uv_size": [-1, -1]},
								"down": {"uv": [18, 2], "uv_size": [-1, -1]}
							}
						},
						{
							"origin": [-1, 2.5, -3],
							"size": [2, 0.5, 0.5],
							"pivot": [0, 0, 0],
							"rotation": [0, -90, 180],
							"uv": {
								"north": {"uv": [15, 1], "uv_size": [1, 1]},
								"east": {"uv": [15, 1], "uv_size": [1, 1]},
								"south": {"uv": [17, 1], "uv_size": [1, 1], "uv_rotation": 270},
								"west": {"uv": [15, 1], "uv_size": [1, 1]},
								"up": {"uv": [16, 2], "uv_size": [-1, -1]},
								"down": {"uv": [18, 2], "uv_size": [-1, -1]}
							}
						},
						{
							"origin": [-1, 2.5, -3],
							"size": [2, 0.5, 0.5],
							"pivot": [0, 0, 0],
							"rotation": [0, 0, 180],
							"uv": {
								"north": {"uv": [15, 1], "uv_size": [1, 1]},
								"east": {"uv": [15, 1], "uv_size": [1, 1]},
								"south": {"uv": [17, 1], "uv_size": [1, 1], "uv_rotation": 270},
								"west": {"uv": [15, 1], "uv_size": [1, 1]},
								"up": {"uv": [16, 2], "uv_size": [-1, -1]},
								"down": {"uv": [18, 2], "uv_size": [-1, -1]}
							}
						},
						{
							"origin": [-1, 2.5, -3],
							"size": [2, 0.5, 0.5],
							"pivot": [0, 0, 0],
							"rotation": [0, 90, -180],
							"uv": {
								"north": {"uv": [15, 1], "uv_size": [1, 1]},
								"east": {"uv": [15, 1], "uv_size": [1, 1]},
								"south": {"uv": [17, 1], "uv_size": [1, 1], "uv_rotation": 270},
								"west": {"uv": [15, 1], "uv_size": [1, 1]},
								"up": {"uv": [16, 2], "uv_size": [-1, -1]},
								"down": {"uv": [18, 2], "uv_size": [-1, -1]}
							}
						}
					]
				},
				{
					"name": "North",
					"parent": "ore_indicator",
					"pivot": [0, 0, 0]
				},
				{
					"name": "layer1",
					"parent": "North",
					"pivot": [0, -8, 0],
					"cubes": [
						{
							"origin": [-1, -1, -4],
							"size": [2, 2, 0.5],
							"uv": {
								"north": {"uv": [21, 7], "uv_size": [4, 4]},
								"east": {"uv": [24, 4], "uv_size": [1, 4]},
								"south": {"uv": [17, 1], "uv_size": [1, 1]},
								"west": {"uv": [29, 4], "uv_size": [1, 4]},
								"up": {"uv": [29, 4], "uv_size": [-4, -1]},
								"down": {"uv": [29, 9], "uv_size": [-4, -1]}
							}
						},
						{
							"origin": [-0.5, 1, -4],
							"size": [1, 0.5, 0.5],
							"uv": {
								"north": {"uv": [12, 1], "uv_size": [2, 1]},
								"east": {"uv": [12, 10], "uv_size": [1, 1]},
								"south": {"uv": [17, 1], "uv_size": [1, 1]},
								"west": {"uv": [12, 10], "uv_size": [1, 1]},
								"up": {"uv": [14, 2], "uv_size": [-2, -1]},
								"down": {"uv": [18, 2], "uv_size": [-1, -1]}
							}
						},
						{
							"origin": [-0.5, 1, -4],
							"size": [1, 0.5, 0.5],
							"pivot": [0, 0, 0],
							"rotation": [0, 0, -90],
							"uv": {
								"north": {"uv": [12, 1], "uv_size": [2, 1]},
								"east": {"uv": [12, 10], "uv_size": [1, 1]},
								"south": {"uv": [17, 1], "uv_size": [1, 1]},
								"west": {"uv": [12, 10], "uv_size": [1, 1]},
								"up": {"uv": [14, 2], "uv_size": [-2, -1]},
								"down": {"uv": [18, 2], "uv_size": [-1, -1]}
							}
						},
						{
							"origin": [-0.5, 1, -4],
							"size": [1, 0.5, 0.5],
							"pivot": [0, 0, 0],
							"rotation": [0, 0, -180],
							"uv": {
								"north": {"uv": [12, 1], "uv_size": [2, 1]},
								"east": {"uv": [12, 10], "uv_size": [1, 1]},
								"south": {"uv": [17, 1], "uv_size": [1, 1]},
								"west": {"uv": [12, 10], "uv_size": [1, 1]},
								"up": {"uv": [14, 2], "uv_size": [-2, -1]},
								"down": {"uv": [18, 2], "uv_size": [-1, -1]}
							}
						},
						{
							"origin": [-0.5, 1, -4],
							"size": [1, 0.5, 0.5],
							"pivot": [0, 0, 0],
							"rotation": [0, 0, 90],
							"uv": {
								"north": {"uv": [12, 1], "uv_size": [2, 1]},
								"east": {"uv": [12, 10], "uv_size": [1, 1]},
								"south": {"uv": [17, 1], "uv_size": [1, 1]},
								"west": {"uv": [12, 10], "uv_size": [1, 1]},
								"up": {"uv": [14, 2], "uv_size": [-2, -1]},
								"down": {"uv": [18, 2], "uv_size": [-1, -1]}
							}
						},
						{
							"origin": [-1, -1, -4],
							"size": [2, 2, 0.5],
							"uv": {
								"north": {"uv": [21, 7], "uv_size": [4, 4]},
								"east": {"uv": [24, 4], "uv_size": [1, 4]},
								"south": {"uv": [17, 1], "uv_size": [1, 1]},
								"west": {"uv": [29, 4], "uv_size": [1, 4]},
								"up": {"uv": [29, 4], "uv_size": [-4, -1]},
								"down": {"uv": [29, 9], "uv_size": [-4, -1]}
							}
						},
						{
							"origin": [-0.5, 1, -4],
							"size": [1, 0.5, 0.5],
							"uv": {
								"north": {"uv": [12, 1], "uv_size": [2, 1]},
								"east": {"uv": [12, 10], "uv_size": [1, 1]},
								"south": {"uv": [17, 1], "uv_size": [1, 1]},
								"west": {"uv": [12, 10], "uv_size": [1, 1]},
								"up": {"uv": [14, 2], "uv_size": [-2, -1]},
								"down": {"uv": [18, 2], "uv_size": [-1, -1]}
							}
						},
						{
							"origin": [-0.5, 1, -4],
							"size": [1, 0.5, 0.5],
							"pivot": [0, 0, 0],
							"rotation": [0, 0, -90],
							"uv": {
								"north": {"uv": [12, 1], "uv_size": [2, 1]},
								"east": {"uv": [12, 10], "uv_size": [1, 1]},
								"south": {"uv": [17, 1], "uv_size": [1, 1]},
								"west": {"uv": [12, 10], "uv_size": [1, 1]},
								"up": {"uv": [14, 2], "uv_size": [-2, -1]},
								"down": {"uv": [18, 2], "uv_size": [-1, -1]}
							}
						},
						{
							"origin": [-0.5, 1, -4],
							"size": [1, 0.5, 0.5],
							"pivot": [0, 0, 0],
							"rotation": [0, 0, -180],
							"uv": {
								"north": {"uv": [12, 1], "uv_size": [2, 1]},
								"east": {"uv": [12, 10], "uv_size": [1, 1]},
								"south": {"uv": [17, 1], "uv_size": [1, 1]},
								"west": {"uv": [12, 10], "uv_size": [1, 1]},
								"up": {"uv": [14, 2], "uv_size": [-2, -1]},
								"down": {"uv": [18, 2], "uv_size": [-1, -1]}
							}
						},
						{
							"origin": [-0.5, 1, -4],
							"size": [1, 0.5, 0.5],
							"pivot": [0, 0, 0],
							"rotation": [0, 0, 90],
							"uv": {
								"north": {"uv": [12, 1], "uv_size": [2, 1]},
								"east": {"uv": [12, 10], "uv_size": [1, 1]},
								"south": {"uv": [17, 1], "uv_size": [1, 1]},
								"west": {"uv": [12, 10], "uv_size": [1, 1]},
								"up": {"uv": [14, 2], "uv_size": [-2, -1]},
								"down": {"uv": [18, 2], "uv_size": [-1, -1]}
							}
						}
					]
				},
				{
					"name": "layer2",
					"parent": "North",
					"pivot": [0, -8, 0],
					"cubes": [
						{
							"origin": [-2, -1.5, -3.5],
							"size": [4, 3, 0.5],
							"uv": {
								"north": {"uv": [23, 3], "uv_size": [8, 6]},
								"east": {"uv": [21, 3], "uv_size": [1, 6]},
								"south": {"uv": [17, 1], "uv_size": [1, 1]},
								"west": {"uv": [21, 3], "uv_size": [1, 6]},
								"up": {"uv": [31, 6], "uv_size": [-8, -1]},
								"down": {"uv": [31, 6], "uv_size": [-8, -1]}
							}
						},
						{
							"origin": [-1.5, 1.5, -3.5],
							"size": [3, 0.5, 0.5],
							"uv": {
								"north": {"uv": [25, 1], "uv_size": [6, 1]},
								"east": {"uv": [12, 9], "uv_size": [1, 1]},
								"south": {"uv": [17, 1], "uv_size": [1, 1]},
								"west": {"uv": [12, 9], "uv_size": [1, 1]},
								"up": {"uv": [22, 9], "uv_size": [-1, -6], "uv_rotation": 90},
								"down": {"uv": [17, 2], "uv_size": [1, -1]}
							}
						},
						{
							"origin": [-1.5, 1.5, -3.5],
							"size": [3, 0.5, 0.5],
							"pivot": [0, 0, 0],
							"rotation": [0, 0, -180],
							"uv": {
								"north": {"uv": [25, 1], "uv_size": [6, 1]},
								"east": {"uv": [12, 9], "uv_size": [1, 1]},
								"south": {"uv": [17, 1], "uv_size": [1, 1]},
								"west": {"uv": [12, 9], "uv_size": [1, 1]},
								"up": {"uv": [22, 9], "uv_size": [-1, -6], "uv_rotation": 90},
								"down": {"uv": [17, 2], "uv_size": [1, -1]}
							}
						},
						{
							"origin": [-0.5, 2, -3.5],
							"size": [1, 0.5, 0.5],
							"uv": {
								"north": {"uv": [12, 1], "uv_size": [2, 1]},
								"east": {"uv": [12, 10], "uv_size": [1, 1]},
								"south": {"uv": [17, 1], "uv_size": [1, 1]},
								"west": {"uv": [12, 10], "uv_size": [1, 1]},
								"up": {"uv": [14, 2], "uv_size": [-2, -1]},
								"down": {"uv": [18, 2], "uv_size": [-1, -1]}
							}
						},
						{
							"origin": [-0.5, 2, -3.5],
							"size": [1, 0.5, 0.5],
							"pivot": [0, 0, 0],
							"rotation": [0, 0, -90],
							"uv": {
								"north": {"uv": [12, 1], "uv_size": [2, 1]},
								"east": {"uv": [12, 10], "uv_size": [1, 1]},
								"south": {"uv": [17, 1], "uv_size": [1, 1]},
								"west": {"uv": [12, 10], "uv_size": [1, 1]},
								"up": {"uv": [14, 2], "uv_size": [-2, -1]},
								"down": {"uv": [18, 2], "uv_size": [-1, -1]}
							}
						},
						{
							"origin": [-0.5, 2, -3.5],
							"size": [1, 0.5, 0.5],
							"pivot": [0, 0, 0],
							"rotation": [0, 0, -180],
							"uv": {
								"north": {"uv": [12, 1], "uv_size": [2, 1]},
								"east": {"uv": [12, 10], "uv_size": [1, 1]},
								"south": {"uv": [17, 1], "uv_size": [1, 1]},
								"west": {"uv": [12, 10], "uv_size": [1, 1]},
								"up": {"uv": [14, 2], "uv_size": [-2, -1]},
								"down": {"uv": [18, 2], "uv_size": [-1, -1]}
							}
						},
						{
							"origin": [-0.5, 2, -3.5],
							"size": [1, 0.5, 0.5],
							"pivot": [0, 0, 0],
							"rotation": [0, 0, 90],
							"uv": {
								"north": {"uv": [12, 1], "uv_size": [2, 1]},
								"east": {"uv": [12, 10], "uv_size": [1, 1]},
								"south": {"uv": [17, 1], "uv_size": [1, 1]},
								"west": {"uv": [12, 10], "uv_size": [1, 1]},
								"up": {"uv": [14, 2], "uv_size": [-2, -1]},
								"down": {"uv": [18, 2], "uv_size": [-1, -1]}
							}
						},
						{
							"origin": [-2, -1.5, -3.5],
							"size": [4, 3, 0.5],
							"uv": {
								"north": {"uv": [23, 3], "uv_size": [8, 6]},
								"east": {"uv": [21, 3], "uv_size": [1, 6]},
								"south": {"uv": [17, 1], "uv_size": [1, 1]},
								"west": {"uv": [21, 3], "uv_size": [1, 6]},
								"up": {"uv": [31, 6], "uv_size": [-8, -1]},
								"down": {"uv": [31, 6], "uv_size": [-8, -1]}
							}
						},
						{
							"origin": [-1.5, 1.5, -3.5],
							"size": [3, 0.5, 0.5],
							"uv": {
								"north": {"uv": [25, 1], "uv_size": [6, 1]},
								"east": {"uv": [12, 9], "uv_size": [1, 1]},
								"south": {"uv": [17, 1], "uv_size": [1, 1]},
								"west": {"uv": [12, 9], "uv_size": [1, 1]},
								"up": {"uv": [22, 9], "uv_size": [-1, -6], "uv_rotation": 90},
								"down": {"uv": [17, 2], "uv_size": [1, -1]}
							}
						},
						{
							"origin": [-1.5, 1.5, -3.5],
							"size": [3, 0.5, 0.5],
							"pivot": [0, 0, 0],
							"rotation": [0, 0, -180],
							"uv": {
								"north": {"uv": [25, 1], "uv_size": [6, 1]},
								"east": {"uv": [12, 9], "uv_size": [1, 1]},
								"south": {"uv": [17, 1], "uv_size": [1, 1]},
								"west": {"uv": [12, 9], "uv_size": [1, 1]},
								"up": {"uv": [22, 9], "uv_size": [-1, -6], "uv_rotation": 90},
								"down": {"uv": [17, 2], "uv_size": [1, -1]}
							}
						},
						{
							"origin": [-0.5, 2, -3.5],
							"size": [1, 0.5, 0.5],
							"uv": {
								"north": {"uv": [12, 1], "uv_size": [2, 1]},
								"east": {"uv": [12, 10], "uv_size": [1, 1]},
								"south": {"uv": [17, 1], "uv_size": [1, 1]},
								"west": {"uv": [12, 10], "uv_size": [1, 1]},
								"up": {"uv": [14, 2], "uv_size": [-2, -1]},
								"down": {"uv": [18, 2], "uv_size": [-1, -1]}
							}
						},
						{
							"origin": [-0.5, 2, -3.5],
							"size": [1, 0.5, 0.5],
							"pivot": [0, 0, 0],
							"rotation": [0, 0, -90],
							"uv": {
								"north": {"uv": [12, 1], "uv_size": [2, 1]},
								"east": {"uv": [12, 10], "uv_size": [1, 1]},
								"south": {"uv": [17, 1], "uv_size": [1, 1]},
								"west": {"uv": [12, 10], "uv_size": [1, 1]},
								"up": {"uv": [14, 2], "uv_size": [-2, -1]},
								"down": {"uv": [18, 2], "uv_size": [-1, -1]}
							}
						},
						{
							"origin": [-0.5, 2, -3.5],
							"size": [1, 0.5, 0.5],
							"pivot": [0, 0, 0],
							"rotation": [0, 0, -180],
							"uv": {
								"north": {"uv": [12, 1], "uv_size": [2, 1]},
								"east": {"uv": [12, 10], "uv_size": [1, 1]},
								"south": {"uv": [17, 1], "uv_size": [1, 1]},
								"west": {"uv": [12, 10], "uv_size": [1, 1]},
								"up": {"uv": [14, 2], "uv_size": [-2, -1]},
								"down": {"uv": [18, 2], "uv_size": [-1, -1]}
							}
						},
						{
							"origin": [-0.5, 2, -3.5],
							"size": [1, 0.5, 0.5],
							"pivot": [0, 0, 0],
							"rotation": [0, 0, 90],
							"uv": {
								"north": {"uv": [12, 1], "uv_size": [2, 1]},
								"east": {"uv": [12, 10], "uv_size": [1, 1]},
								"south": {"uv": [17, 1], "uv_size": [1, 1]},
								"west": {"uv": [12, 10], "uv_size": [1, 1]},
								"up": {"uv": [14, 2], "uv_size": [-2, -1]},
								"down": {"uv": [18, 2], "uv_size": [-1, -1]}
							}
						}
					]
				},
				{
					"name": "layer3",
					"parent": "North",
					"pivot": [0, -8, 0],
					"cubes": [
						{
							"origin": [-2, -2.5, -3],
							"size": [4, 0.5, 0.5],
							"pivot": [0, 0, 0],
							"rotation": [0, 0, -180],
							"uv": {
								"north": {"uv": [13, 10], "uv_size": [8, 1]},
								"east": {"uv": [15, 1], "uv_size": [1, 1]},
								"south": {"uv": [17, 1], "uv_size": [1, 1]},
								"west": {"uv": [12, 9], "uv_size": [1, 1]},
								"up": {"uv": [17, 2], "uv_size": [1, -1]},
								"down": {"uv": [19, 11], "uv_size": [-4, -1]}
							}
						},
						{
							"origin": [-2.5, -2, -3],
							"size": [5, 4, 0.5],
							"uv": {
								"north": {"uv": [12, 2], "uv_size": [10, 8]},
								"east": {"uv": [29, 4], "uv_size": [1, 4]},
								"south": {"uv": [17, 1], "uv_size": [1, 1]},
								"west": {"uv": [24, 4], "uv_size": [1, 4]},
								"up": {"uv": [12, 5], "uv_size": [10, -1]},
								"down": {"uv": [12, 5], "uv_size": [10, -1]}
							}
						},
						{
							"origin": [-2, -2.5, -3],
							"size": [4, 0.5, 0.5],
							"uv": {
								"north": {"uv": [13, 10], "uv_size": [8, 1]},
								"east": {"uv": [12, 9], "uv_size": [1, 1]},
								"south": {"uv": [17, 1], "uv_size": [1, 1]},
								"west": {"uv": [12, 9], "uv_size": [1, 1]},
								"up": {"uv": [17, 2], "uv_size": [1, -1]},
								"down": {"uv": [19, 11], "uv_size": [-4, -1]}
							}
						},
						{
							"origin": [-2, -2.5, -3],
							"size": [4, 0.5, 0.5],
							"pivot": [0, 0, 0],
							"rotation": [0, 0, -180],
							"uv": {
								"north": {"uv": [13, 10], "uv_size": [8, 1]},
								"east": {"uv": [15, 1], "uv_size": [1, 1]},
								"south": {"uv": [17, 1], "uv_size": [1, 1]},
								"west": {"uv": [12, 9], "uv_size": [1, 1]},
								"up": {"uv": [17, 2], "uv_size": [1, -1]},
								"down": {"uv": [19, 11], "uv_size": [-4, -1]}
							}
						},
						{
							"origin": [-2.5, -2, -3],
							"size": [5, 4, 0.5],
							"uv": {
								"north": {"uv": [12, 2], "uv_size": [10, 8]},
								"east": {"uv": [29, 4], "uv_size": [1, 4]},
								"south": {"uv": [17, 1], "uv_size": [1, 1]},
								"west": {"uv": [24, 4], "uv_size": [1, 4]},
								"up": {"uv": [12, 5], "uv_size": [10, -1]},
								"down": {"uv": [12, 5], "uv_size": [10, -1]}
							}
						},
						{
							"origin": [-2, -2.5, -3],
							"size": [4, 0.5, 0.5],
							"uv": {
								"north": {"uv": [13, 10], "uv_size": [8, 1]},
								"east": {"uv": [12, 9], "uv_size": [1, 1]},
								"south": {"uv": [17, 1], "uv_size": [1, 1]},
								"west": {"uv": [12, 9], "uv_size": [1, 1]},
								"up": {"uv": [17, 2], "uv_size": [1, -1]},
								"down": {"uv": [19, 11], "uv_size": [-4, -1]}
							}
						}
					]
				},
				{
					"name": "South",
					"parent": "ore_indicator",
					"pivot": [0, 0, 0],
					"rotation": [0, 180, 0]
				},
				{
					"name": "layer4",
					"parent": "South",
					"pivot": [0, -8, 0],
					"cubes": [
						{
							"origin": [-1, -1, -4],
							"size": [2, 2, 0.5],
							"uv": {
								"north": {"uv": [21, 7], "uv_size": [4, 4]},
								"east": {"uv": [24, 4], "uv_size": [1, 4]},
								"south": {"uv": [17, 1], "uv_size": [1, 1]},
								"west": {"uv": [29, 4], "uv_size": [1, 4]},
								"up": {"uv": [29, 4], "uv_size": [-4, -1]},
								"down": {"uv": [29, 9], "uv_size": [-4, -1]}
							}
						},
						{
							"origin": [-0.5, 1, -4],
							"size": [1, 0.5, 0.5],
							"uv": {
								"north": {"uv": [12, 1], "uv_size": [2, 1]},
								"east": {"uv": [12, 10], "uv_size": [1, 1]},
								"south": {"uv": [17, 1], "uv_size": [1, 1]},
								"west": {"uv": [12, 10], "uv_size": [1, 1]},
								"up": {"uv": [14, 2], "uv_size": [-2, -1]},
								"down": {"uv": [18, 2], "uv_size": [-1, -1]}
							}
						},
						{
							"origin": [-0.5, 1, -4],
							"size": [1, 0.5, 0.5],
							"pivot": [0, 0, 0],
							"rotation": [0, 0, -90],
							"uv": {
								"north": {"uv": [12, 1], "uv_size": [2, 1]},
								"east": {"uv": [12, 10], "uv_size": [1, 1]},
								"south": {"uv": [17, 1], "uv_size": [1, 1]},
								"west": {"uv": [12, 10], "uv_size": [1, 1]},
								"up": {"uv": [14, 2], "uv_size": [-2, -1]},
								"down": {"uv": [18, 2], "uv_size": [-1, -1]}
							}
						},
						{
							"origin": [-0.5, 1, -4],
							"size": [1, 0.5, 0.5],
							"pivot": [0, 0, 0],
							"rotation": [0, 0, -180],
							"uv": {
								"north": {"uv": [12, 1], "uv_size": [2, 1]},
								"east": {"uv": [12, 10], "uv_size": [1, 1]},
								"south": {"uv": [17, 1], "uv_size": [1, 1]},
								"west": {"uv": [12, 10], "uv_size": [1, 1]},
								"up": {"uv": [14, 2], "uv_size": [-2, -1]},
								"down": {"uv": [18, 2], "uv_size": [-1, -1]}
							}
						},
						{
							"origin": [-0.5, 1, -4],
							"size": [1, 0.5, 0.5],
							"pivot": [0, 0, 0],
							"rotation": [0, 0, 90],
							"uv": {
								"north": {"uv": [12, 1], "uv_size": [2, 1]},
								"east": {"uv": [12, 10], "uv_size": [1, 1]},
								"south": {"uv": [17, 1], "uv_size": [1, 1]},
								"west": {"uv": [12, 10], "uv_size": [1, 1]},
								"up": {"uv": [14, 2], "uv_size": [-2, -1]},
								"down": {"uv": [18, 2], "uv_size": [-1, -1]}
							}
						},
						{
							"origin": [-1, -1, -4],
							"size": [2, 2, 0.5],
							"uv": {
								"north": {"uv": [21, 7], "uv_size": [4, 4]},
								"east": {"uv": [24, 4], "uv_size": [1, 4]},
								"south": {"uv": [17, 1], "uv_size": [1, 1]},
								"west": {"uv": [29, 4], "uv_size": [1, 4]},
								"up": {"uv": [29, 4], "uv_size": [-4, -1]},
								"down": {"uv": [29, 9], "uv_size": [-4, -1]}
							}
						},
						{
							"origin": [-0.5, 1, -4],
							"size": [1, 0.5, 0.5],
							"uv": {
								"north": {"uv": [12, 1], "uv_size": [2, 1]},
								"east": {"uv": [12, 10], "uv_size": [1, 1]},
								"south": {"uv": [17, 1], "uv_size": [1, 1]},
								"west": {"uv": [12, 10], "uv_size": [1, 1]},
								"up": {"uv": [14, 2], "uv_size": [-2, -1]},
								"down": {"uv": [18, 2], "uv_size": [-1, -1]}
							}
						},
						{
							"origin": [-0.5, 1, -4],
							"size": [1, 0.5, 0.5],
							"pivot": [0, 0, 0],
							"rotation": [0, 0, -90],
							"uv": {
								"north": {"uv": [12, 1], "uv_size": [2, 1]},
								"east": {"uv": [12, 10], "uv_size": [1, 1]},
								"south": {"uv": [17, 1], "uv_size": [1, 1]},
								"west": {"uv": [12, 10], "uv_size": [1, 1]},
								"up": {"uv": [14, 2], "uv_size": [-2, -1]},
								"down": {"uv": [18, 2], "uv_size": [-1, -1]}
							}
						},
						{
							"origin": [-0.5, 1, -4],
							"size": [1, 0.5, 0.5],
							"pivot": [0, 0, 0],
							"rotation": [0, 0, -180],
							"uv": {
								"north": {"uv": [12, 1], "uv_size": [2, 1]},
								"east": {"uv": [12, 10], "uv_size": [1, 1]},
								"south": {"uv": [17, 1], "uv_size": [1, 1]},
								"west": {"uv": [12, 10], "uv_size": [1, 1]},
								"up": {"uv": [14, 2], "uv_size": [-2, -1]},
								"down": {"uv": [18, 2], "uv_size": [-1, -1]}
							}
						},
						{
							"origin": [-0.5, 1, -4],
							"size": [1, 0.5, 0.5],
							"pivot": [0, 0, 0],
							"rotation": [0, 0, 90],
							"uv": {
								"north": {"uv": [12, 1], "uv_size": [2, 1]},
								"east": {"uv": [12, 10], "uv_size": [1, 1]},
								"south": {"uv": [17, 1], "uv_size": [1, 1]},
								"west": {"uv": [12, 10], "uv_size": [1, 1]},
								"up": {"uv": [14, 2], "uv_size": [-2, -1]},
								"down": {"uv": [18, 2], "uv_size": [-1, -1]}
							}
						}
					]
				},
				{
					"name": "layer5",
					"parent": "South",
					"pivot": [0, -8, 0],
					"cubes": [
						{
							"origin": [-2, -1.5, -3.5],
							"size": [4, 3, 0.5],
							"uv": {
								"north": {"uv": [23, 3], "uv_size": [8, 6]},
								"east": {"uv": [21, 3], "uv_size": [1, 6]},
								"south": {"uv": [17, 1], "uv_size": [1, 1]},
								"west": {"uv": [21, 3], "uv_size": [1, 6]},
								"up": {"uv": [31, 6], "uv_size": [-8, -1]},
								"down": {"uv": [31, 6], "uv_size": [-8, -1]}
							}
						},
						{
							"origin": [-1.5, 1.5, -3.5],
							"size": [3, 0.5, 0.5],
							"uv": {
								"north": {"uv": [25, 1], "uv_size": [6, 1]},
								"east": {"uv": [12, 9], "uv_size": [1, 1]},
								"south": {"uv": [17, 1], "uv_size": [1, 1]},
								"west": {"uv": [12, 9], "uv_size": [1, 1]},
								"up": {"uv": [22, 9], "uv_size": [-1, -6], "uv_rotation": 90},
								"down": {"uv": [17, 2], "uv_size": [1, -1]}
							}
						},
						{
							"origin": [-1.5, 1.5, -3.5],
							"size": [3, 0.5, 0.5],
							"pivot": [0, 0, 0],
							"rotation": [0, 0, -180],
							"uv": {
								"north": {"uv": [25, 1], "uv_size": [6, 1]},
								"east": {"uv": [12, 9], "uv_size": [1, 1]},
								"south": {"uv": [17, 1], "uv_size": [1, 1]},
								"west": {"uv": [12, 9], "uv_size": [1, 1]},
								"up": {"uv": [22, 9], "uv_size": [-1, -6], "uv_rotation": 90},
								"down": {"uv": [17, 2], "uv_size": [1, -1]}
							}
						},
						{
							"origin": [-0.5, 2, -3.5],
							"size": [1, 0.5, 0.5],
							"uv": {
								"north": {"uv": [12, 1], "uv_size": [2, 1]},
								"east": {"uv": [12, 10], "uv_size": [1, 1]},
								"south": {"uv": [17, 1], "uv_size": [1, 1]},
								"west": {"uv": [12, 10], "uv_size": [1, 1]},
								"up": {"uv": [14, 2], "uv_size": [-2, -1]},
								"down": {"uv": [18, 2], "uv_size": [-1, -1]}
							}
						},
						{
							"origin": [-0.5, 2, -3.5],
							"size": [1, 0.5, 0.5],
							"pivot": [0, 0, 0],
							"rotation": [0, 0, -90],
							"uv": {
								"north": {"uv": [12, 1], "uv_size": [2, 1]},
								"east": {"uv": [12, 10], "uv_size": [1, 1]},
								"south": {"uv": [17, 1], "uv_size": [1, 1]},
								"west": {"uv": [12, 10], "uv_size": [1, 1]},
								"up": {"uv": [14, 2], "uv_size": [-2, -1]},
								"down": {"uv": [18, 2], "uv_size": [-1, -1]}
							}
						},
						{
							"origin": [-0.5, 2, -3.5],
							"size": [1, 0.5, 0.5],
							"pivot": [0, 0, 0],
							"rotation": [0, 0, -180],
							"uv": {
								"north": {"uv": [12, 1], "uv_size": [2, 1]},
								"east": {"uv": [12, 10], "uv_size": [1, 1]},
								"south": {"uv": [17, 1], "uv_size": [1, 1]},
								"west": {"uv": [12, 10], "uv_size": [1, 1]},
								"up": {"uv": [14, 2], "uv_size": [-2, -1]},
								"down": {"uv": [18, 2], "uv_size": [-1, -1]}
							}
						},
						{
							"origin": [-0.5, 2, -3.5],
							"size": [1, 0.5, 0.5],
							"pivot": [0, 0, 0],
							"rotation": [0, 0, 90],
							"uv": {
								"north": {"uv": [12, 1], "uv_size": [2, 1]},
								"east": {"uv": [12, 10], "uv_size": [1, 1]},
								"south": {"uv": [17, 1], "uv_size": [1, 1]},
								"west": {"uv": [12, 10], "uv_size": [1, 1]},
								"up": {"uv": [14, 2], "uv_size": [-2, -1]},
								"down": {"uv": [18, 2], "uv_size": [-1, -1]}
							}
						},
						{
							"origin": [-2, -1.5, -3.5],
							"size": [4, 3, 0.5],
							"uv": {
								"north": {"uv": [23, 3], "uv_size": [8, 6]},
								"east": {"uv": [21, 3], "uv_size": [1, 6]},
								"south": {"uv": [17, 1], "uv_size": [1, 1]},
								"west": {"uv": [21, 3], "uv_size": [1, 6]},
								"up": {"uv": [31, 6], "uv_size": [-8, -1]},
								"down": {"uv": [31, 6], "uv_size": [-8, -1]}
							}
						},
						{
							"origin": [-1.5, 1.5, -3.5],
							"size": [3, 0.5, 0.5],
							"uv": {
								"north": {"uv": [25, 1], "uv_size": [6, 1]},
								"east": {"uv": [12, 9], "uv_size": [1, 1]},
								"south": {"uv": [17, 1], "uv_size": [1, 1]},
								"west": {"uv": [12, 9], "uv_size": [1, 1]},
								"up": {"uv": [22, 9], "uv_size": [-1, -6], "uv_rotation": 90},
								"down": {"uv": [17, 2], "uv_size": [1, -1]}
							}
						},
						{
							"origin": [-1.5, 1.5, -3.5],
							"size": [3, 0.5, 0.5],
							"pivot": [0, 0, 0],
							"rotation": [0, 0, -180],
							"uv": {
								"north": {"uv": [25, 1], "uv_size": [6, 1]},
								"east": {"uv": [12, 9], "uv_size": [1, 1]},
								"south": {"uv": [17, 1], "uv_size": [1, 1]},
								"west": {"uv": [12, 9], "uv_size": [1, 1]},
								"up": {"uv": [22, 9], "uv_size": [-1, -6], "uv_rotation": 90},
								"down": {"uv": [17, 2], "uv_size": [1, -1]}
							}
						},
						{
							"origin": [-0.5, 2, -3.5],
							"size": [1, 0.5, 0.5],
							"uv": {
								"north": {"uv": [12, 1], "uv_size": [2, 1]},
								"east": {"uv": [12, 10], "uv_size": [1, 1]},
								"south": {"uv": [17, 1], "uv_size": [1, 1]},
								"west": {"uv": [12, 10], "uv_size": [1, 1]},
								"up": {"uv": [14, 2], "uv_size": [-2, -1]},
								"down": {"uv": [18, 2], "uv_size": [-1, -1]}
							}
						},
						{
							"origin": [-0.5, 2, -3.5],
							"size": [1, 0.5, 0.5],
							"pivot": [0, 0, 0],
							"rotation": [0, 0, -90],
							"uv": {
								"north": {"uv": [12, 1], "uv_size": [2, 1]},
								"east": {"uv": [12, 10], "uv_size": [1, 1]},
								"south": {"uv": [17, 1], "uv_size": [1, 1]},
								"west": {"uv": [12, 10], "uv_size": [1, 1]},
								"up": {"uv": [14, 2], "uv_size": [-2, -1]},
								"down": {"uv": [18, 2], "uv_size": [-1, -1]}
							}
						},
						{
							"origin": [-0.5, 2, -3.5],
							"size": [1, 0.5, 0.5],
							"pivot": [0, 0, 0],
							"rotation": [0, 0, -180],
							"uv": {
								"north": {"uv": [12, 1], "uv_size": [2, 1]},
								"east": {"uv": [12, 10], "uv_size": [1, 1]},
								"south": {"uv": [17, 1], "uv_size": [1, 1]},
								"west": {"uv": [12, 10], "uv_size": [1, 1]},
								"up": {"uv": [14, 2], "uv_size": [-2, -1]},
								"down": {"uv": [18, 2], "uv_size": [-1, -1]}
							}
						},
						{
							"origin": [-0.5, 2, -3.5],
							"size": [1, 0.5, 0.5],
							"pivot": [0, 0, 0],
							"rotation": [0, 0, 90],
							"uv": {
								"north": {"uv": [12, 1], "uv_size": [2, 1]},
								"east": {"uv": [12, 10], "uv_size": [1, 1]},
								"south": {"uv": [17, 1], "uv_size": [1, 1]},
								"west": {"uv": [12, 10], "uv_size": [1, 1]},
								"up": {"uv": [14, 2], "uv_size": [-2, -1]},
								"down": {"uv": [18, 2], "uv_size": [-1, -1]}
							}
						}
					]
				},
				{
					"name": "layer6",
					"parent": "South",
					"pivot": [0, -8, 0],
					"cubes": [
						{
							"origin": [-2, -2.5, -3],
							"size": [4, 0.5, 0.5],
							"pivot": [0, 0, 0],
							"rotation": [0, 0, -180],
							"uv": {
								"north": {"uv": [13, 10], "uv_size": [8, 1]},
								"east": {"uv": [12, 9], "uv_size": [1, 1]},
								"south": {"uv": [17, 1], "uv_size": [1, 1]},
								"west": {"uv": [15, 1], "uv_size": [1, 1]},
								"up": {"uv": [17, 2], "uv_size": [1, -1]},
								"down": {"uv": [19, 11], "uv_size": [-4, -1]}
							}
						},
						{
							"origin": [-2.5, -2, -3],
							"size": [5, 4, 0.5],
							"uv": {
								"north": {"uv": [12, 2], "uv_size": [10, 8]},
								"east": {"uv": [29, 4], "uv_size": [1, 4]},
								"south": {"uv": [17, 1], "uv_size": [1, 1]},
								"west": {"uv": [24, 4], "uv_size": [1, 4]},
								"up": {"uv": [12, 5], "uv_size": [10, -1]},
								"down": {"uv": [12, 5], "uv_size": [10, -1]}
							}
						},
						{
							"origin": [-2, -2.5, -3],
							"size": [4, 0.5, 0.5],
							"uv": {
								"north": {"uv": [13, 10], "uv_size": [8, 1]},
								"east": {"uv": [12, 9], "uv_size": [1, 1]},
								"south": {"uv": [17, 1], "uv_size": [1, 1]},
								"west": {"uv": [12, 9], "uv_size": [1, 1]},
								"up": {"uv": [17, 2], "uv_size": [1, -1]},
								"down": {"uv": [19, 11], "uv_size": [-4, -1]}
							}
						},
						{
							"origin": [-2, -2.5, -3],
							"size": [4, 0.5, 0.5],
							"pivot": [0, 0, 0],
							"rotation": [0, 0, -180],
							"uv": {
								"north": {"uv": [13, 10], "uv_size": [8, 1]},
								"east": {"uv": [12, 9], "uv_size": [1, 1]},
								"south": {"uv": [17, 1], "uv_size": [1, 1]},
								"west": {"uv": [15, 1], "uv_size": [1, 1]},
								"up": {"uv": [17, 2], "uv_size": [1, -1]},
								"down": {"uv": [19, 11], "uv_size": [-4, -1]}
							}
						},
						{
							"origin": [-2.5, -2, -3],
							"size": [5, 4, 0.5],
							"uv": {
								"north": {"uv": [12, 2], "uv_size": [10, 8]},
								"east": {"uv": [29, 4], "uv_size": [1, 4]},
								"south": {"uv": [17, 1], "uv_size": [1, 1]},
								"west": {"uv": [24, 4], "uv_size": [1, 4]},
								"up": {"uv": [12, 5], "uv_size": [10, -1]},
								"down": {"uv": [12, 5], "uv_size": [10, -1]}
							}
						},
						{
							"origin": [-2, -2.5, -3],
							"size": [4, 0.5, 0.5],
							"uv": {
								"north": {"uv": [13, 10], "uv_size": [8, 1]},
								"east": {"uv": [12, 9], "uv_size": [1, 1]},
								"south": {"uv": [17, 1], "uv_size": [1, 1]},
								"west": {"uv": [12, 9], "uv_size": [1, 1]},
								"up": {"uv": [17, 2], "uv_size": [1, -1]},
								"down": {"uv": [19, 11], "uv_size": [-4, -1]}
							}
						}
					]
				},
				{
					"name": "East",
					"parent": "ore_indicator",
					"pivot": [0, 0, 0],
					"rotation": [0, 90, 0]
				},
				{
					"name": "layer7",
					"parent": "East",
					"pivot": [0, -8, 0],
					"cubes": [
						{
							"origin": [-1, -1, -4],
							"size": [2, 2, 0.5],
							"uv": {
								"north": {"uv": [21, 7], "uv_size": [4, 4]},
								"east": {"uv": [24, 4], "uv_size": [1, 4]},
								"south": {"uv": [17, 1], "uv_size": [1, 1]},
								"west": {"uv": [29, 4], "uv_size": [1, 4]},
								"up": {"uv": [29, 4], "uv_size": [-4, -1]},
								"down": {"uv": [29, 9], "uv_size": [-4, -1]}
							}
						},
						{
							"origin": [-0.5, 1, -4],
							"size": [1, 0.5, 0.5],
							"uv": {
								"north": {"uv": [12, 1], "uv_size": [2, 1]},
								"east": {"uv": [12, 10], "uv_size": [1, 1]},
								"south": {"uv": [17, 1], "uv_size": [1, 1]},
								"west": {"uv": [12, 10], "uv_size": [1, 1]},
								"up": {"uv": [14, 2], "uv_size": [-2, -1]},
								"down": {"uv": [18, 2], "uv_size": [-1, -1]}
							}
						},
						{
							"origin": [-0.5, 1, -4],
							"size": [1, 0.5, 0.5],
							"pivot": [0, 0, 0],
							"rotation": [0, 0, -90],
							"uv": {
								"north": {"uv": [12, 1], "uv_size": [2, 1]},
								"east": {"uv": [12, 10], "uv_size": [1, 1]},
								"south": {"uv": [17, 1], "uv_size": [1, 1]},
								"west": {"uv": [12, 10], "uv_size": [1, 1]},
								"up": {"uv": [14, 2], "uv_size": [-2, -1]},
								"down": {"uv": [18, 2], "uv_size": [-1, -1]}
							}
						},
						{
							"origin": [-0.5, 1, -4],
							"size": [1, 0.5, 0.5],
							"pivot": [0, 0, 0],
							"rotation": [0, 0, -180],
							"uv": {
								"north": {"uv": [12, 1], "uv_size": [2, 1]},
								"east": {"uv": [12, 10], "uv_size": [1, 1]},
								"south": {"uv": [17, 1], "uv_size": [1, 1]},
								"west": {"uv": [12, 10], "uv_size": [1, 1]},
								"up": {"uv": [14, 2], "uv_size": [-2, -1]},
								"down": {"uv": [18, 2], "uv_size": [-1, -1]}
							}
						},
						{
							"origin": [-0.5, 1, -4],
							"size": [1, 0.5, 0.5],
							"pivot": [0, 0, 0],
							"rotation": [0, 0, 90],
							"uv": {
								"north": {"uv": [12, 1], "uv_size": [2, 1]},
								"east": {"uv": [12, 10], "uv_size": [1, 1]},
								"south": {"uv": [17, 1], "uv_size": [1, 1]},
								"west": {"uv": [12, 10], "uv_size": [1, 1]},
								"up": {"uv": [14, 2], "uv_size": [-2, -1]},
								"down": {"uv": [18, 2], "uv_size": [-1, -1]}
							}
						},
						{
							"origin": [-1, -1, -4],
							"size": [2, 2, 0.5],
							"uv": {
								"north": {"uv": [21, 7], "uv_size": [4, 4]},
								"east": {"uv": [24, 4], "uv_size": [1, 4]},
								"south": {"uv": [17, 1], "uv_size": [1, 1]},
								"west": {"uv": [29, 4], "uv_size": [1, 4]},
								"up": {"uv": [29, 4], "uv_size": [-4, -1]},
								"down": {"uv": [29, 9], "uv_size": [-4, -1]}
							}
						},
						{
							"origin": [-0.5, 1, -4],
							"size": [1, 0.5, 0.5],
							"uv": {
								"north": {"uv": [12, 1], "uv_size": [2, 1]},
								"east": {"uv": [12, 10], "uv_size": [1, 1]},
								"south": {"uv": [17, 1], "uv_size": [1, 1]},
								"west": {"uv": [12, 10], "uv_size": [1, 1]},
								"up": {"uv": [14, 2], "uv_size": [-2, -1]},
								"down": {"uv": [18, 2], "uv_size": [-1, -1]}
							}
						},
						{
							"origin": [-0.5, 1, -4],
							"size": [1, 0.5, 0.5],
							"pivot": [0, 0, 0],
							"rotation": [0, 0, -90],
							"uv": {
								"north": {"uv": [12, 1], "uv_size": [2, 1]},
								"east": {"uv": [12, 10], "uv_size": [1, 1]},
								"south": {"uv": [17, 1], "uv_size": [1, 1]},
								"west": {"uv": [12, 10], "uv_size": [1, 1]},
								"up": {"uv": [14, 2], "uv_size": [-2, -1]},
								"down": {"uv": [18, 2], "uv_size": [-1, -1]}
							}
						},
						{
							"origin": [-0.5, 1, -4],
							"size": [1, 0.5, 0.5],
							"pivot": [0, 0, 0],
							"rotation": [0, 0, -180],
							"uv": {
								"north": {"uv": [12, 1], "uv_size": [2, 1]},
								"east": {"uv": [12, 10], "uv_size": [1, 1]},
								"south": {"uv": [17, 1], "uv_size": [1, 1]},
								"west": {"uv": [12, 10], "uv_size": [1, 1]},
								"up": {"uv": [14, 2], "uv_size": [-2, -1]},
								"down": {"uv": [18, 2], "uv_size": [-1, -1]}
							}
						},
						{
							"origin": [-0.5, 1, -4],
							"size": [1, 0.5, 0.5],
							"pivot": [0, 0, 0],
							"rotation": [0, 0, 90],
							"uv": {
								"north": {"uv": [12, 1], "uv_size": [2, 1]},
								"east": {"uv": [12, 10], "uv_size": [1, 1]},
								"south": {"uv": [17, 1], "uv_size": [1, 1]},
								"west": {"uv": [12, 10], "uv_size": [1, 1]},
								"up": {"uv": [14, 2], "uv_size": [-2, -1]},
								"down": {"uv": [18, 2], "uv_size": [-1, -1]}
							}
						}
					]
				},
				{
					"name": "layer8",
					"parent": "East",
					"pivot": [0, -8, 0],
					"cubes": [
						{
							"origin": [-2, -1.5, -3.5],
							"size": [4, 3, 0.5],
							"uv": {
								"north": {"uv": [23, 3], "uv_size": [8, 6]},
								"east": {"uv": [21, 3], "uv_size": [1, 6]},
								"south": {"uv": [17, 1], "uv_size": [1, 1]},
								"west": {"uv": [21, 3], "uv_size": [1, 6]},
								"up": {"uv": [31, 6], "uv_size": [-8, -1]},
								"down": {"uv": [31, 6], "uv_size": [-8, -1]}
							}
						},
						{
							"origin": [-1.5, 1.5, -3.5],
							"size": [3, 0.5, 0.5],
							"uv": {
								"north": {"uv": [25, 1], "uv_size": [6, 1]},
								"east": {"uv": [12, 9], "uv_size": [1, 1]},
								"south": {"uv": [17, 1], "uv_size": [1, 1]},
								"west": {"uv": [12, 9], "uv_size": [1, 1]},
								"up": {"uv": [22, 9], "uv_size": [-1, -6], "uv_rotation": 90},
								"down": {"uv": [17, 2], "uv_size": [1, -1]}
							}
						},
						{
							"origin": [-1.5, 1.5, -3.5],
							"size": [3, 0.5, 0.5],
							"pivot": [0, 0, 0],
							"rotation": [0, 0, -180],
							"uv": {
								"north": {"uv": [25, 1], "uv_size": [6, 1]},
								"east": {"uv": [12, 9], "uv_size": [1, 1]},
								"south": {"uv": [17, 1], "uv_size": [1, 1]},
								"west": {"uv": [12, 9], "uv_size": [1, 1]},
								"up": {"uv": [22, 9], "uv_size": [-1, -6], "uv_rotation": 90},
								"down": {"uv": [17, 2], "uv_size": [1, -1]}
							}
						},
						{
							"origin": [-0.5, 2, -3.5],
							"size": [1, 0.5, 0.5],
							"uv": {
								"north": {"uv": [12, 1], "uv_size": [2, 1]},
								"east": {"uv": [12, 10], "uv_size": [1, 1]},
								"south": {"uv": [17, 1], "uv_size": [1, 1]},
								"west": {"uv": [12, 10], "uv_size": [1, 1]},
								"up": {"uv": [14, 2], "uv_size": [-2, -1]},
								"down": {"uv": [18, 2], "uv_size": [-1, -1]}
							}
						},
						{
							"origin": [-0.5, 2, -3.5],
							"size": [1, 0.5, 0.5],
							"pivot": [0, 0, 0],
							"rotation": [0, 0, -90],
							"uv": {
								"north": {"uv": [12, 1], "uv_size": [2, 1]},
								"east": {"uv": [12, 10], "uv_size": [1, 1]},
								"south": {"uv": [17, 1], "uv_size": [1, 1]},
								"west": {"uv": [12, 10], "uv_size": [1, 1]},
								"up": {"uv": [14, 2], "uv_size": [-2, -1]},
								"down": {"uv": [18, 2], "uv_size": [-1, -1]}
							}
						},
						{
							"origin": [-0.5, 2, -3.5],
							"size": [1, 0.5, 0.5],
							"pivot": [0, 0, 0],
							"rotation": [0, 0, -180],
							"uv": {
								"north": {"uv": [12, 1], "uv_size": [2, 1]},
								"east": {"uv": [12, 10], "uv_size": [1, 1]},
								"south": {"uv": [17, 1], "uv_size": [1, 1]},
								"west": {"uv": [12, 10], "uv_size": [1, 1]},
								"up": {"uv": [14, 2], "uv_size": [-2, -1]},
								"down": {"uv": [18, 2], "uv_size": [-1, -1]}
							}
						},
						{
							"origin": [-0.5, 2, -3.5],
							"size": [1, 0.5, 0.5],
							"pivot": [0, 0, 0],
							"rotation": [0, 0, 90],
							"uv": {
								"north": {"uv": [12, 1], "uv_size": [2, 1]},
								"east": {"uv": [12, 10], "uv_size": [1, 1]},
								"south": {"uv": [17, 1], "uv_size": [1, 1]},
								"west": {"uv": [12, 10], "uv_size": [1, 1]},
								"up": {"uv": [14, 2], "uv_size": [-2, -1]},
								"down": {"uv": [18, 2], "uv_size": [-1, -1]}
							}
						},
						{
							"origin": [-2, -1.5, -3.5],
							"size": [4, 3, 0.5],
							"uv": {
								"north": {"uv": [23, 3], "uv_size": [8, 6]},
								"east": {"uv": [21, 3], "uv_size": [1, 6]},
								"south": {"uv": [17, 1], "uv_size": [1, 1]},
								"west": {"uv": [21, 3], "uv_size": [1, 6]},
								"up": {"uv": [31, 6], "uv_size": [-8, -1]},
								"down": {"uv": [31, 6], "uv_size": [-8, -1]}
							}
						},
						{
							"origin": [-1.5, 1.5, -3.5],
							"size": [3, 0.5, 0.5],
							"uv": {
								"north": {"uv": [25, 1], "uv_size": [6, 1]},
								"east": {"uv": [12, 9], "uv_size": [1, 1]},
								"south": {"uv": [17, 1], "uv_size": [1, 1]},
								"west": {"uv": [12, 9], "uv_size": [1, 1]},
								"up": {"uv": [22, 9], "uv_size": [-1, -6], "uv_rotation": 90},
								"down": {"uv": [17, 2], "uv_size": [1, -1]}
							}
						},
						{
							"origin": [-1.5, 1.5, -3.5],
							"size": [3, 0.5, 0.5],
							"pivot": [0, 0, 0],
							"rotation": [0, 0, -180],
							"uv": {
								"north": {"uv": [25, 1], "uv_size": [6, 1]},
								"east": {"uv": [12, 9], "uv_size": [1, 1]},
								"south": {"uv": [17, 1], "uv_size": [1, 1]},
								"west": {"uv": [12, 9], "uv_size": [1, 1]},
								"up": {"uv": [22, 9], "uv_size": [-1, -6], "uv_rotation": 90},
								"down": {"uv": [17, 2], "uv_size": [1, -1]}
							}
						},
						{
							"origin": [-0.5, 2, -3.5],
							"size": [1, 0.5, 0.5],
							"uv": {
								"north": {"uv": [12, 1], "uv_size": [2, 1]},
								"east": {"uv": [12, 10], "uv_size": [1, 1]},
								"south": {"uv": [17, 1], "uv_size": [1, 1]},
								"west": {"uv": [12, 10], "uv_size": [1, 1]},
								"up": {"uv": [14, 2], "uv_size": [-2, -1]},
								"down": {"uv": [18, 2], "uv_size": [-1, -1]}
							}
						},
						{
							"origin": [-0.5, 2, -3.5],
							"size": [1, 0.5, 0.5],
							"pivot": [0, 0, 0],
							"rotation": [0, 0, -90],
							"uv": {
								"north": {"uv": [12, 1], "uv_size": [2, 1]},
								"east": {"uv": [12, 10], "uv_size": [1, 1]},
								"south": {"uv": [17, 1], "uv_size": [1, 1]},
								"west": {"uv": [12, 10], "uv_size": [1, 1]},
								"up": {"uv": [14, 2], "uv_size": [-2, -1]},
								"down": {"uv": [18, 2], "uv_size": [-1, -1]}
							}
						},
						{
							"origin": [-0.5, 2, -3.5],
							"size": [1, 0.5, 0.5],
							"pivot": [0, 0, 0],
							"rotation": [0, 0, -180],
							"uv": {
								"north": {"uv": [12, 1], "uv_size": [2, 1]},
								"east": {"uv": [12, 10], "uv_size": [1, 1]},
								"south": {"uv": [17, 1], "uv_size": [1, 1]},
								"west": {"uv": [12, 10], "uv_size": [1, 1]},
								"up": {"uv": [14, 2], "uv_size": [-2, -1]},
								"down": {"uv": [18, 2], "uv_size": [-1, -1]}
							}
						},
						{
							"origin": [-0.5, 2, -3.5],
							"size": [1, 0.5, 0.5],
							"pivot": [0, 0, 0],
							"rotation": [0, 0, 90],
							"uv": {
								"north": {"uv": [12, 1], "uv_size": [2, 1]},
								"east": {"uv": [12, 10], "uv_size": [1, 1]},
								"south": {"uv": [17, 1], "uv_size": [1, 1]},
								"west": {"uv": [12, 10], "uv_size": [1, 1]},
								"up": {"uv": [14, 2], "uv_size": [-2, -1]},
								"down": {"uv": [18, 2], "uv_size": [-1, -1]}
							}
						}
					]
				},
				{
					"name": "layer9",
					"parent": "East",
					"pivot": [0, -8, 0],
					"cubes": [
						{
							"origin": [-2, -2.5, -3],
							"size": [4, 0.5, 0.5],
							"pivot": [0, 0, 0],
							"rotation": [0, 0, -180],
							"uv": {
								"north": {"uv": [13, 10], "uv_size": [8, 1]},
								"east": {"uv": [12, 9], "uv_size": [1, 1]},
								"south": {"uv": [17, 1], "uv_size": [1, 1]},
								"west": {"uv": [12, 9], "uv_size": [1, 1]},
								"up": {"uv": [17, 2], "uv_size": [1, -1]},
								"down": {"uv": [19, 11], "uv_size": [-4, -1]}
							}
						},
						{
							"origin": [-2.5, -2, -3],
							"size": [5, 4, 0.5],
							"uv": {
								"north": {"uv": [12, 2], "uv_size": [10, 8]},
								"east": {"uv": [29, 4], "uv_size": [1, 4]},
								"south": {"uv": [17, 1], "uv_size": [1, 1]},
								"west": {"uv": [24, 4], "uv_size": [1, 4]},
								"up": {"uv": [12, 5], "uv_size": [10, -1]},
								"down": {"uv": [12, 5], "uv_size": [10, -1]}
							}
						},
						{
							"origin": [-2, -2.5, -3],
							"size": [4, 0.5, 0.5],
							"uv": {
								"north": {"uv": [13, 10], "uv_size": [8, 1]},
								"east": {"uv": [12, 9], "uv_size": [1, 1]},
								"south": {"uv": [17, 1], "uv_size": [1, 1]},
								"west": {"uv": [12, 9], "uv_size": [1, 1]},
								"up": {"uv": [17, 2], "uv_size": [1, -1]},
								"down": {"uv": [19, 11], "uv_size": [-4, -1]}
							}
						},
						{
							"origin": [-2, -2.5, -3],
							"size": [4, 0.5, 0.5],
							"pivot": [0, 0, 0],
							"rotation": [0, 0, -180],
							"uv": {
								"north": {"uv": [13, 10], "uv_size": [8, 1]},
								"east": {"uv": [12, 9], "uv_size": [1, 1]},
								"south": {"uv": [17, 1], "uv_size": [1, 1]},
								"west": {"uv": [12, 9], "uv_size": [1, 1]},
								"up": {"uv": [17, 2], "uv_size": [1, -1]},
								"down": {"uv": [19, 11], "uv_size": [-4, -1]}
							}
						},
						{
							"origin": [-2.5, -2, -3],
							"size": [5, 4, 0.5],
							"uv": {
								"north": {"uv": [12, 2], "uv_size": [10, 8]},
								"east": {"uv": [29, 4], "uv_size": [1, 4]},
								"south": {"uv": [17, 1], "uv_size": [1, 1]},
								"west": {"uv": [24, 4], "uv_size": [1, 4]},
								"up": {"uv": [12, 5], "uv_size": [10, -1]},
								"down": {"uv": [12, 5], "uv_size": [10, -1]}
							}
						},
						{
							"origin": [-2, -2.5, -3],
							"size": [4, 0.5, 0.5],
							"uv": {
								"north": {"uv": [13, 10], "uv_size": [8, 1]},
								"east": {"uv": [12, 9], "uv_size": [1, 1]},
								"south": {"uv": [17, 1], "uv_size": [1, 1]},
								"west": {"uv": [12, 9], "uv_size": [1, 1]},
								"up": {"uv": [17, 2], "uv_size": [1, -1]},
								"down": {"uv": [19, 11], "uv_size": [-4, -1]}
							}
						}
					]
				},
				{
					"name": "West",
					"parent": "ore_indicator",
					"pivot": [0, 0, 0],
					"rotation": [0, -90, 0]
				},
				{
					"name": "layer10",
					"parent": "West",
					"pivot": [0, -8, 0],
					"cubes": [
						{
							"origin": [-1, -1, -4],
							"size": [2, 2, 0.5],
							"uv": {
								"north": {"uv": [21, 7], "uv_size": [4, 4]},
								"east": {"uv": [24, 4], "uv_size": [1, 4]},
								"south": {"uv": [17, 1], "uv_size": [1, 1]},
								"west": {"uv": [29, 4], "uv_size": [1, 4]},
								"up": {"uv": [29, 4], "uv_size": [-4, -1]},
								"down": {"uv": [29, 9], "uv_size": [-4, -1]}
							}
						},
						{
							"origin": [-0.5, 1, -4],
							"size": [1, 0.5, 0.5],
							"uv": {
								"north": {"uv": [12, 1], "uv_size": [2, 1]},
								"east": {"uv": [12, 10], "uv_size": [1, 1]},
								"south": {"uv": [17, 1], "uv_size": [1, 1]},
								"west": {"uv": [12, 10], "uv_size": [1, 1]},
								"up": {"uv": [14, 2], "uv_size": [-2, -1]},
								"down": {"uv": [18, 2], "uv_size": [-1, -1]}
							}
						},
						{
							"origin": [-0.5, 1, -4],
							"size": [1, 0.5, 0.5],
							"pivot": [0, 0, 0],
							"rotation": [0, 0, -90],
							"uv": {
								"north": {"uv": [12, 1], "uv_size": [2, 1]},
								"east": {"uv": [12, 10], "uv_size": [1, 1]},
								"south": {"uv": [17, 1], "uv_size": [1, 1]},
								"west": {"uv": [12, 10], "uv_size": [1, 1]},
								"up": {"uv": [14, 2], "uv_size": [-2, -1]},
								"down": {"uv": [18, 2], "uv_size": [-1, -1]}
							}
						},
						{
							"origin": [-0.5, 1, -4],
							"size": [1, 0.5, 0.5],
							"pivot": [0, 0, 0],
							"rotation": [0, 0, -180],
							"uv": {
								"north": {"uv": [12, 1], "uv_size": [2, 1]},
								"east": {"uv": [12, 10], "uv_size": [1, 1]},
								"south": {"uv": [17, 1], "uv_size": [1, 1]},
								"west": {"uv": [12, 10], "uv_size": [1, 1]},
								"up": {"uv": [14, 2], "uv_size": [-2, -1]},
								"down": {"uv": [18, 2], "uv_size": [-1, -1]}
							}
						},
						{
							"origin": [-0.5, 1, -4],
							"size": [1, 0.5, 0.5],
							"pivot": [0, 0, 0],
							"rotation": [0, 0, 90],
							"uv": {
								"north": {"uv": [12, 1], "uv_size": [2, 1]},
								"east": {"uv": [12, 10], "uv_size": [1, 1]},
								"south": {"uv": [17, 1], "uv_size": [1, 1]},
								"west": {"uv": [12, 10], "uv_size": [1, 1]},
								"up": {"uv": [14, 2], "uv_size": [-2, -1]},
								"down": {"uv": [18, 2], "uv_size": [-1, -1]}
							}
						},
						{
							"origin": [-1, -1, -4],
							"size": [2, 2, 0.5],
							"uv": {
								"north": {"uv": [21, 7], "uv_size": [4, 4]},
								"east": {"uv": [24, 4], "uv_size": [1, 4]},
								"south": {"uv": [17, 1], "uv_size": [1, 1]},
								"west": {"uv": [29, 4], "uv_size": [1, 4]},
								"up": {"uv": [29, 4], "uv_size": [-4, -1]},
								"down": {"uv": [29, 9], "uv_size": [-4, -1]}
							}
						},
						{
							"origin": [-0.5, 1, -4],
							"size": [1, 0.5, 0.5],
							"uv": {
								"north": {"uv": [12, 1], "uv_size": [2, 1]},
								"east": {"uv": [12, 10], "uv_size": [1, 1]},
								"south": {"uv": [17, 1], "uv_size": [1, 1]},
								"west": {"uv": [12, 10], "uv_size": [1, 1]},
								"up": {"uv": [14, 2], "uv_size": [-2, -1]},
								"down": {"uv": [18, 2], "uv_size": [-1, -1]}
							}
						},
						{
							"origin": [-0.5, 1, -4],
							"size": [1, 0.5, 0.5],
							"pivot": [0, 0, 0],
							"rotation": [0, 0, -90],
							"uv": {
								"north": {"uv": [12, 1], "uv_size": [2, 1]},
								"east": {"uv": [12, 10], "uv_size": [1, 1]},
								"south": {"uv": [17, 1], "uv_size": [1, 1]},
								"west": {"uv": [12, 10], "uv_size": [1, 1]},
								"up": {"uv": [14, 2], "uv_size": [-2, -1]},
								"down": {"uv": [18, 2], "uv_size": [-1, -1]}
							}
						},
						{
							"origin": [-0.5, 1, -4],
							"size": [1, 0.5, 0.5],
							"pivot": [0, 0, 0],
							"rotation": [0, 0, -180],
							"uv": {
								"north": {"uv": [12, 1], "uv_size": [2, 1]},
								"east": {"uv": [12, 10], "uv_size": [1, 1]},
								"south": {"uv": [17, 1], "uv_size": [1, 1]},
								"west": {"uv": [12, 10], "uv_size": [1, 1]},
								"up": {"uv": [14, 2], "uv_size": [-2, -1]},
								"down": {"uv": [18, 2], "uv_size": [-1, -1]}
							}
						},
						{
							"origin": [-0.5, 1, -4],
							"size": [1, 0.5, 0.5],
							"pivot": [0, 0, 0],
							"rotation": [0, 0, 90],
							"uv": {
								"north": {"uv": [12, 1], "uv_size": [2, 1]},
								"east": {"uv": [12, 10], "uv_size": [1, 1]},
								"south": {"uv": [17, 1], "uv_size": [1, 1]},
								"west": {"uv": [12, 10], "uv_size": [1, 1]},
								"up": {"uv": [14, 2], "uv_size": [-2, -1]},
								"down": {"uv": [18, 2], "uv_size": [-1, -1]}
							}
						}
					]
				},
				{
					"name": "layer11",
					"parent": "West",
					"pivot": [0, -8, 0],
					"cubes": [
						{
							"origin": [-2, -1.5, -3.5],
							"size": [4, 3, 0.5],
							"uv": {
								"north": {"uv": [23, 3], "uv_size": [8, 6]},
								"east": {"uv": [21, 3], "uv_size": [1, 6]},
								"south": {"uv": [17, 1], "uv_size": [1, 1]},
								"west": {"uv": [21, 3], "uv_size": [1, 6]},
								"up": {"uv": [31, 6], "uv_size": [-8, -1]},
								"down": {"uv": [31, 6], "uv_size": [-8, -1]}
							}
						},
						{
							"origin": [-1.5, 1.5, -3.5],
							"size": [3, 0.5, 0.5],
							"uv": {
								"north": {"uv": [25, 1], "uv_size": [6, 1]},
								"east": {"uv": [12, 9], "uv_size": [1, 1]},
								"south": {"uv": [17, 1], "uv_size": [1, 1]},
								"west": {"uv": [12, 9], "uv_size": [1, 1]},
								"up": {"uv": [22, 9], "uv_size": [-1, -6], "uv_rotation": 90},
								"down": {"uv": [17, 2], "uv_size": [1, -1]}
							}
						},
						{
							"origin": [-1.5, 1.5, -3.5],
							"size": [3, 0.5, 0.5],
							"pivot": [0, 0, 0],
							"rotation": [0, 0, -180],
							"uv": {
								"north": {"uv": [25, 1], "uv_size": [6, 1]},
								"east": {"uv": [12, 9], "uv_size": [1, 1]},
								"south": {"uv": [17, 1], "uv_size": [1, 1]},
								"west": {"uv": [12, 9], "uv_size": [1, 1]},
								"up": {"uv": [22, 9], "uv_size": [-1, -6], "uv_rotation": 90},
								"down": {"uv": [17, 2], "uv_size": [1, -1]}
							}
						},
						{
							"origin": [-0.5, 2, -3.5],
							"size": [1, 0.5, 0.5],
							"uv": {
								"north": {"uv": [12, 1], "uv_size": [2, 1]},
								"east": {"uv": [12, 10], "uv_size": [1, 1]},
								"south": {"uv": [17, 1], "uv_size": [1, 1]},
								"west": {"uv": [12, 10], "uv_size": [1, 1]},
								"up": {"uv": [14, 2], "uv_size": [-2, -1]},
								"down": {"uv": [18, 2], "uv_size": [-1, -1]}
							}
						},
						{
							"origin": [-0.5, 2, -3.5],
							"size": [1, 0.5, 0.5],
							"pivot": [0, 0, 0],
							"rotation": [0, 0, -90],
							"uv": {
								"north": {"uv": [12, 1], "uv_size": [2, 1]},
								"east": {"uv": [12, 10], "uv_size": [1, 1]},
								"south": {"uv": [17, 1], "uv_size": [1, 1]},
								"west": {"uv": [12, 10], "uv_size": [1, 1]},
								"up": {"uv": [14, 2], "uv_size": [-2, -1]},
								"down": {"uv": [18, 2], "uv_size": [-1, -1]}
							}
						},
						{
							"origin": [-0.5, 2, -3.5],
							"size": [1, 0.5, 0.5],
							"pivot": [0, 0, 0],
							"rotation": [0, 0, -180],
							"uv": {
								"north": {"uv": [12, 1], "uv_size": [2, 1]},
								"east": {"uv": [12, 10], "uv_size": [1, 1]},
								"south": {"uv": [17, 1], "uv_size": [1, 1]},
								"west": {"uv": [12, 10], "uv_size": [1, 1]},
								"up": {"uv": [14, 2], "uv_size": [-2, -1]},
								"down": {"uv": [18, 2], "uv_size": [-1, -1]}
							}
						},
						{
							"origin": [-0.5, 2, -3.5],
							"size": [1, 0.5, 0.5],
							"pivot": [0, 0, 0],
							"rotation": [0, 0, 90],
							"uv": {
								"north": {"uv": [12, 1], "uv_size": [2, 1]},
								"east": {"uv": [12, 10], "uv_size": [1, 1]},
								"south": {"uv": [17, 1], "uv_size": [1, 1]},
								"west": {"uv": [12, 10], "uv_size": [1, 1]},
								"up": {"uv": [14, 2], "uv_size": [-2, -1]},
								"down": {"uv": [18, 2], "uv_size": [-1, -1]}
							}
						},
						{
							"origin": [-2, -1.5, -3.5],
							"size": [4, 3, 0.5],
							"uv": {
								"north": {"uv": [23, 3], "uv_size": [8, 6]},
								"east": {"uv": [21, 3], "uv_size": [1, 6]},
								"south": {"uv": [17, 1], "uv_size": [1, 1]},
								"west": {"uv": [21, 3], "uv_size": [1, 6]},
								"up": {"uv": [31, 6], "uv_size": [-8, -1]},
								"down": {"uv": [31, 6], "uv_size": [-8, -1]}
							}
						},
						{
							"origin": [-1.5, 1.5, -3.5],
							"size": [3, 0.5, 0.5],
							"uv": {
								"north": {"uv": [25, 1], "uv_size": [6, 1]},
								"east": {"uv": [12, 9], "uv_size": [1, 1]},
								"south": {"uv": [17, 1], "uv_size": [1, 1]},
								"west": {"uv": [12, 9], "uv_size": [1, 1]},
								"up": {"uv": [22, 9], "uv_size": [-1, -6], "uv_rotation": 90},
								"down": {"uv": [17, 2], "uv_size": [1, -1]}
							}
						},
						{
							"origin": [-1.5, 1.5, -3.5],
							"size": [3, 0.5, 0.5],
							"pivot": [0, 0, 0],
							"rotation": [0, 0, -180],
							"uv": {
								"north": {"uv": [25, 1], "uv_size": [6, 1]},
								"east": {"uv": [12, 9], "uv_size": [1, 1]},
								"south": {"uv": [17, 1], "uv_size": [1, 1]},
								"west": {"uv": [12, 9], "uv_size": [1, 1]},
								"up": {"uv": [22, 9], "uv_size": [-1, -6], "uv_rotation": 90},
								"down": {"uv": [17, 2], "uv_size": [1, -1]}
							}
						},
						{
							"origin": [-0.5, 2, -3.5],
							"size": [1, 0.5, 0.5],
							"uv": {
								"north": {"uv": [12, 1], "uv_size": [2, 1]},
								"east": {"uv": [12, 10], "uv_size": [1, 1]},
								"south": {"uv": [17, 1], "uv_size": [1, 1]},
								"west": {"uv": [12, 10], "uv_size": [1, 1]},
								"up": {"uv": [14, 2], "uv_size": [-2, -1]},
								"down": {"uv": [18, 2], "uv_size": [-1, -1]}
							}
						},
						{
							"origin": [-0.5, 2, -3.5],
							"size": [1, 0.5, 0.5],
							"pivot": [0, 0, 0],
							"rotation": [0, 0, -90],
							"uv": {
								"north": {"uv": [12, 1], "uv_size": [2, 1]},
								"east": {"uv": [12, 10], "uv_size": [1, 1]},
								"south": {"uv": [17, 1], "uv_size": [1, 1]},
								"west": {"uv": [12, 10], "uv_size": [1, 1]},
								"up": {"uv": [14, 2], "uv_size": [-2, -1]},
								"down": {"uv": [18, 2], "uv_size": [-1, -1]}
							}
						},
						{
							"origin": [-0.5, 2, -3.5],
							"size": [1, 0.5, 0.5],
							"pivot": [0, 0, 0],
							"rotation": [0, 0, -180],
							"uv": {
								"north": {"uv": [12, 1], "uv_size": [2, 1]},
								"east": {"uv": [12, 10], "uv_size": [1, 1]},
								"south": {"uv": [17, 1], "uv_size": [1, 1]},
								"west": {"uv": [12, 10], "uv_size": [1, 1]},
								"up": {"uv": [14, 2], "uv_size": [-2, -1]},
								"down": {"uv": [18, 2], "uv_size": [-1, -1]}
							}
						},
						{
							"origin": [-0.5, 2, -3.5],
							"size": [1, 0.5, 0.5],
							"pivot": [0, 0, 0],
							"rotation": [0, 0, 90],
							"uv": {
								"north": {"uv": [12, 1], "uv_size": [2, 1]},
								"east": {"uv": [12, 10], "uv_size": [1, 1]},
								"south": {"uv": [17, 1], "uv_size": [1, 1]},
								"west": {"uv": [12, 10], "uv_size": [1, 1]},
								"up": {"uv": [14, 2], "uv_size": [-2, -1]},
								"down": {"uv": [18, 2], "uv_size": [-1, -1]}
							}
						}
					]
				},
				{
					"name": "layer12",
					"parent": "West",
					"pivot": [0, -8, 0],
					"cubes": [
						{
							"origin": [-2, -2.5, -3],
							"size": [4, 0.5, 0.5],
							"pivot": [0, 0, 0],
							"rotation": [0, 0, -180],
							"uv": {
								"north": {"uv": [13, 10], "uv_size": [8, 1]},
								"east": {"uv": [15, 1], "uv_size": [1, 1]},
								"south": {"uv": [17, 1], "uv_size": [1, 1]},
								"west": {"uv": [15, 1], "uv_size": [1, 1]},
								"up": {"uv": [17, 2], "uv_size": [1, -1]},
								"down": {"uv": [19, 11], "uv_size": [-4, -1]}
							}
						},
						{
							"origin": [-2.5, -2, -3],
							"size": [5, 4, 0.5],
							"uv": {
								"north": {"uv": [12, 2], "uv_size": [10, 8]},
								"east": {"uv": [29, 4], "uv_size": [1, 4]},
								"south": {"uv": [17, 1], "uv_size": [1, 1]},
								"west": {"uv": [24, 4], "uv_size": [1, 4]},
								"up": {"uv": [12, 5], "uv_size": [10, -1]},
								"down": {"uv": [12, 5], "uv_size": [10, -1]}
							}
						},
						{
							"origin": [-2, -2.5, -3],
							"size": [4, 0.5, 0.5],
							"uv": {
								"north": {"uv": [13, 10], "uv_size": [8, 1]},
								"east": {"uv": [15, 1], "uv_size": [1, 1]},
								"south": {"uv": [17, 1], "uv_size": [1, 1]},
								"west": {"uv": [12, 9], "uv_size": [1, 1]},
								"up": {"uv": [17, 2], "uv_size": [1, -1]},
								"down": {"uv": [19, 11], "uv_size": [-4, -1]}
							}
						},
						{
							"origin": [-2, -2.5, -3],
							"size": [4, 0.5, 0.5],
							"pivot": [0, 0, 0],
							"rotation": [0, 0, -180],
							"uv": {
								"north": {"uv": [13, 10], "uv_size": [8, 1]},
								"east": {"uv": [15, 1], "uv_size": [1, 1]},
								"south": {"uv": [17, 1], "uv_size": [1, 1]},
								"west": {"uv": [15, 1], "uv_size": [1, 1]},
								"up": {"uv": [17, 2], "uv_size": [1, -1]},
								"down": {"uv": [19, 11], "uv_size": [-4, -1]}
							}
						},
						{
							"origin": [-2.5, -2, -3],
							"size": [5, 4, 0.5],
							"uv": {
								"north": {"uv": [12, 2], "uv_size": [10, 8]},
								"east": {"uv": [29, 4], "uv_size": [1, 4]},
								"south": {"uv": [17, 1], "uv_size": [1, 1]},
								"west": {"uv": [24, 4], "uv_size": [1, 4]},
								"up": {"uv": [12, 5], "uv_size": [10, -1]},
								"down": {"uv": [12, 5], "uv_size": [10, -1]}
							}
						},
						{
							"origin": [-2, -2.5, -3],
							"size": [4, 0.5, 0.5],
							"uv": {
								"north": {"uv": [13, 10], "uv_size": [8, 1]},
								"east": {"uv": [15, 1], "uv_size": [1, 1]},
								"south": {"uv": [17, 1], "uv_size": [1, 1]},
								"west": {"uv": [12, 9], "uv_size": [1, 1]},
								"up": {"uv": [17, 2], "uv_size": [1, -1]},
								"down": {"uv": [19, 11], "uv_size": [-4, -1]}
							}
						}
					]
				},
				{
					"name": "Top",
					"parent": "ore_indicator",
					"pivot": [0, 0, 0],
					"rotation": [0, -90, -90]
				},
				{
					"name": "layer13",
					"parent": "Top",
					"pivot": [0, -8, 0],
					"cubes": [
						{
							"origin": [-1, -1, -4],
							"size": [2, 2, 0.5],
							"uv": {
								"north": {"uv": [21, 7], "uv_size": [4, 4]},
								"east": {"uv": [24, 4], "uv_size": [1, 4]},
								"south": {"uv": [17, 1], "uv_size": [1, 1]},
								"west": {"uv": [29, 4], "uv_size": [1, 4]},
								"up": {"uv": [29, 4], "uv_size": [-4, -1]},
								"down": {"uv": [29, 9], "uv_size": [-4, -1]}
							}
						},
						{
							"origin": [-0.5, 1, -4],
							"size": [1, 0.5, 0.5],
							"uv": {
								"north": {"uv": [12, 1], "uv_size": [2, 1]},
								"east": {"uv": [12, 10], "uv_size": [1, 1]},
								"south": {"uv": [17, 1], "uv_size": [1, 1]},
								"west": {"uv": [12, 10], "uv_size": [1, 1]},
								"up": {"uv": [14, 2], "uv_size": [-2, -1]},
								"down": {"uv": [18, 2], "uv_size": [-1, -1]}
							}
						},
						{
							"origin": [-0.5, 1, -4],
							"size": [1, 0.5, 0.5],
							"pivot": [0, 0, 0],
							"rotation": [0, 0, -90],
							"uv": {
								"north": {"uv": [12, 1], "uv_size": [2, 1]},
								"east": {"uv": [12, 10], "uv_size": [1, 1]},
								"south": {"uv": [17, 1], "uv_size": [1, 1]},
								"west": {"uv": [12, 10], "uv_size": [1, 1]},
								"up": {"uv": [14, 2], "uv_size": [-2, -1]},
								"down": {"uv": [18, 2], "uv_size": [-1, -1]}
							}
						},
						{
							"origin": [-0.5, 1, -4],
							"size": [1, 0.5, 0.5],
							"pivot": [0, 0, 0],
							"rotation": [0, 0, -180],
							"uv": {
								"north": {"uv": [12, 1], "uv_size": [2, 1]},
								"east": {"uv": [12, 10], "uv_size": [1, 1]},
								"south": {"uv": [17, 1], "uv_size": [1, 1]},
								"west": {"uv": [12, 10], "uv_size": [1, 1]},
								"up": {"uv": [14, 2], "uv_size": [-2, -1]},
								"down": {"uv": [18, 2], "uv_size": [-1, -1]}
							}
						},
						{
							"origin": [-0.5, 1, -4],
							"size": [1, 0.5, 0.5],
							"pivot": [0, 0, 0],
							"rotation": [0, 0, 90],
							"uv": {
								"north": {"uv": [12, 1], "uv_size": [2, 1]},
								"east": {"uv": [12, 10], "uv_size": [1, 1]},
								"south": {"uv": [17, 1], "uv_size": [1, 1]},
								"west": {"uv": [12, 10], "uv_size": [1, 1]},
								"up": {"uv": [14, 2], "uv_size": [-2, -1]},
								"down": {"uv": [18, 2], "uv_size": [-1, -1]}
							}
						},
						{
							"origin": [-1, -1, -4],
							"size": [2, 2, 0.5],
							"uv": {
								"north": {"uv": [21, 7], "uv_size": [4, 4]},
								"east": {"uv": [24, 4], "uv_size": [1, 4]},
								"south": {"uv": [17, 1], "uv_size": [1, 1]},
								"west": {"uv": [29, 4], "uv_size": [1, 4]},
								"up": {"uv": [29, 4], "uv_size": [-4, -1]},
								"down": {"uv": [29, 9], "uv_size": [-4, -1]}
							}
						},
						{
							"origin": [-0.5, 1, -4],
							"size": [1, 0.5, 0.5],
							"uv": {
								"north": {"uv": [12, 1], "uv_size": [2, 1]},
								"east": {"uv": [12, 10], "uv_size": [1, 1]},
								"south": {"uv": [17, 1], "uv_size": [1, 1]},
								"west": {"uv": [12, 10], "uv_size": [1, 1]},
								"up": {"uv": [14, 2], "uv_size": [-2, -1]},
								"down": {"uv": [18, 2], "uv_size": [-1, -1]}
							}
						},
						{
							"origin": [-0.5, 1, -4],
							"size": [1, 0.5, 0.5],
							"pivot": [0, 0, 0],
							"rotation": [0, 0, -90],
							"uv": {
								"north": {"uv": [12, 1], "uv_size": [2, 1]},
								"east": {"uv": [12, 10], "uv_size": [1, 1]},
								"south": {"uv": [17, 1], "uv_size": [1, 1]},
								"west": {"uv": [12, 10], "uv_size": [1, 1]},
								"up": {"uv": [14, 2], "uv_size": [-2, -1]},
								"down": {"uv": [18, 2], "uv_size": [-1, -1]}
							}
						},
						{
							"origin": [-0.5, 1, -4],
							"size": [1, 0.5, 0.5],
							"pivot": [0, 0, 0],
							"rotation": [0, 0, -180],
							"uv": {
								"north": {"uv": [12, 1], "uv_size": [2, 1]},
								"east": {"uv": [12, 10], "uv_size": [1, 1]},
								"south": {"uv": [17, 1], "uv_size": [1, 1]},
								"west": {"uv": [12, 10], "uv_size": [1, 1]},
								"up": {"uv": [14, 2], "uv_size": [-2, -1]},
								"down": {"uv": [18, 2], "uv_size": [-1, -1]}
							}
						},
						{
							"origin": [-0.5, 1, -4],
							"size": [1, 0.5, 0.5],
							"pivot": [0, 0, 0],
							"rotation": [0, 0, 90],
							"uv": {
								"north": {"uv": [12, 1], "uv_size": [2, 1]},
								"east": {"uv": [12, 10], "uv_size": [1, 1]},
								"south": {"uv": [17, 1], "uv_size": [1, 1]},
								"west": {"uv": [12, 10], "uv_size": [1, 1]},
								"up": {"uv": [14, 2], "uv_size": [-2, -1]},
								"down": {"uv": [18, 2], "uv_size": [-1, -1]}
							}
						}
					]
				},
				{
					"name": "layer14",
					"parent": "Top",
					"pivot": [0, -8, 0],
					"cubes": [
						{
							"origin": [-2, -1.5, -3.5],
							"size": [4, 3, 0.5],
							"uv": {
								"north": {"uv": [23, 3], "uv_size": [8, 6]},
								"east": {"uv": [21, 3], "uv_size": [1, 6]},
								"south": {"uv": [17, 1], "uv_size": [1, 1]},
								"west": {"uv": [21, 3], "uv_size": [1, 6]},
								"up": {"uv": [31, 6], "uv_size": [-8, -1]},
								"down": {"uv": [31, 6], "uv_size": [-8, -1]}
							}
						},
						{
							"origin": [-1.5, 1.5, -3.5],
							"size": [3, 0.5, 0.5],
							"uv": {
								"north": {"uv": [25, 1], "uv_size": [6, 1]},
								"east": {"uv": [12, 9], "uv_size": [1, 1]},
								"south": {"uv": [17, 1], "uv_size": [1, 1]},
								"west": {"uv": [12, 9], "uv_size": [1, 1]},
								"up": {"uv": [22, 9], "uv_size": [-1, -6], "uv_rotation": 90},
								"down": {"uv": [17, 2], "uv_size": [1, -1]}
							}
						},
						{
							"origin": [-1.5, 1.5, -3.5],
							"size": [3, 0.5, 0.5],
							"pivot": [0, 0, 0],
							"rotation": [0, 0, -180],
							"uv": {
								"north": {"uv": [25, 1], "uv_size": [6, 1]},
								"east": {"uv": [12, 9], "uv_size": [1, 1]},
								"south": {"uv": [17, 1], "uv_size": [1, 1]},
								"west": {"uv": [12, 9], "uv_size": [1, 1]},
								"up": {"uv": [22, 9], "uv_size": [-1, -6], "uv_rotation": 90},
								"down": {"uv": [17, 2], "uv_size": [1, -1]}
							}
						},
						{
							"origin": [-0.5, 2, -3.5],
							"size": [1, 0.5, 0.5],
							"uv": {
								"north": {"uv": [12, 1], "uv_size": [2, 1]},
								"east": {"uv": [12, 10], "uv_size": [1, 1]},
								"south": {"uv": [17, 1], "uv_size": [1, 1]},
								"west": {"uv": [12, 10], "uv_size": [1, 1]},
								"up": {"uv": [14, 2], "uv_size": [-2, -1]},
								"down": {"uv": [18, 2], "uv_size": [-1, -1]}
							}
						},
						{
							"origin": [-0.5, 2, -3.5],
							"size": [1, 0.5, 0.5],
							"pivot": [0, 0, 0],
							"rotation": [0, 0, -90],
							"uv": {
								"north": {"uv": [12, 1], "uv_size": [2, 1]},
								"east": {"uv": [12, 10], "uv_size": [1, 1]},
								"south": {"uv": [17, 1], "uv_size": [1, 1]},
								"west": {"uv": [12, 10], "uv_size": [1, 1]},
								"up": {"uv": [14, 2], "uv_size": [-2, -1]},
								"down": {"uv": [18, 2], "uv_size": [-1, -1]}
							}
						},
						{
							"origin": [-0.5, 2, -3.5],
							"size": [1, 0.5, 0.5],
							"pivot": [0, 0, 0],
							"rotation": [0, 0, -180],
							"uv": {
								"north": {"uv": [12, 1], "uv_size": [2, 1]},
								"east": {"uv": [12, 10], "uv_size": [1, 1]},
								"south": {"uv": [17, 1], "uv_size": [1, 1]},
								"west": {"uv": [12, 10], "uv_size": [1, 1]},
								"up": {"uv": [14, 2], "uv_size": [-2, -1]},
								"down": {"uv": [18, 2], "uv_size": [-1, -1]}
							}
						},
						{
							"origin": [-0.5, 2, -3.5],
							"size": [1, 0.5, 0.5],
							"pivot": [0, 0, 0],
							"rotation": [0, 0, 90],
							"uv": {
								"north": {"uv": [12, 1], "uv_size": [2, 1]},
								"east": {"uv": [12, 10], "uv_size": [1, 1]},
								"south": {"uv": [17, 1], "uv_size": [1, 1]},
								"west": {"uv": [12, 10], "uv_size": [1, 1]},
								"up": {"uv": [14, 2], "uv_size": [-2, -1]},
								"down": {"uv": [18, 2], "uv_size": [-1, -1]}
							}
						},
						{
							"origin": [-2, -1.5, -3.5],
							"size": [4, 3, 0.5],
							"uv": {
								"north": {"uv": [23, 3], "uv_size": [8, 6]},
								"east": {"uv": [21, 3], "uv_size": [1, 6]},
								"south": {"uv": [17, 1], "uv_size": [1, 1]},
								"west": {"uv": [21, 3], "uv_size": [1, 6]},
								"up": {"uv": [31, 6], "uv_size": [-8, -1]},
								"down": {"uv": [31, 6], "uv_size": [-8, -1]}
							}
						},
						{
							"origin": [-1.5, 1.5, -3.5],
							"size": [3, 0.5, 0.5],
							"uv": {
								"north": {"uv": [25, 1], "uv_size": [6, 1]},
								"east": {"uv": [12, 9], "uv_size": [1, 1]},
								"south": {"uv": [17, 1], "uv_size": [1, 1]},
								"west": {"uv": [12, 9], "uv_size": [1, 1]},
								"up": {"uv": [22, 9], "uv_size": [-1, -6], "uv_rotation": 90},
								"down": {"uv": [17, 2], "uv_size": [1, -1]}
							}
						},
						{
							"origin": [-1.5, 1.5, -3.5],
							"size": [3, 0.5, 0.5],
							"pivot": [0, 0, 0],
							"rotation": [0, 0, -180],
							"uv": {
								"north": {"uv": [25, 1], "uv_size": [6, 1]},
								"east": {"uv": [12, 9], "uv_size": [1, 1]},
								"south": {"uv": [17, 1], "uv_size": [1, 1]},
								"west": {"uv": [12, 9], "uv_size": [1, 1]},
								"up": {"uv": [22, 9], "uv_size": [-1, -6], "uv_rotation": 90},
								"down": {"uv": [17, 2], "uv_size": [1, -1]}
							}
						},
						{
							"origin": [-0.5, 2, -3.5],
							"size": [1, 0.5, 0.5],
							"uv": {
								"north": {"uv": [12, 1], "uv_size": [2, 1]},
								"east": {"uv": [12, 10], "uv_size": [1, 1]},
								"south": {"uv": [17, 1], "uv_size": [1, 1]},
								"west": {"uv": [12, 10], "uv_size": [1, 1]},
								"up": {"uv": [14, 2], "uv_size": [-2, -1]},
								"down": {"uv": [18, 2], "uv_size": [-1, -1]}
							}
						},
						{
							"origin": [-0.5, 2, -3.5],
							"size": [1, 0.5, 0.5],
							"pivot": [0, 0, 0],
							"rotation": [0, 0, -90],
							"uv": {
								"north": {"uv": [12, 1], "uv_size": [2, 1]},
								"east": {"uv": [12, 10], "uv_size": [1, 1]},
								"south": {"uv": [17, 1], "uv_size": [1, 1]},
								"west": {"uv": [12, 10], "uv_size": [1, 1]},
								"up": {"uv": [14, 2], "uv_size": [-2, -1]},
								"down": {"uv": [18, 2], "uv_size": [-1, -1]}
							}
						},
						{
							"origin": [-0.5, 2, -3.5],
							"size": [1, 0.5, 0.5],
							"pivot": [0, 0, 0],
							"rotation": [0, 0, -180],
							"uv": {
								"north": {"uv": [12, 1], "uv_size": [2, 1]},
								"east": {"uv": [12, 10], "uv_size": [1, 1]},
								"south": {"uv": [17, 1], "uv_size": [1, 1]},
								"west": {"uv": [12, 10], "uv_size": [1, 1]},
								"up": {"uv": [14, 2], "uv_size": [-2, -1]},
								"down": {"uv": [18, 2], "uv_size": [-1, -1]}
							}
						},
						{
							"origin": [-0.5, 2, -3.5],
							"size": [1, 0.5, 0.5],
							"pivot": [0, 0, 0],
							"rotation": [0, 0, 90],
							"uv": {
								"north": {"uv": [12, 1], "uv_size": [2, 1]},
								"east": {"uv": [12, 10], "uv_size": [1, 1]},
								"south": {"uv": [17, 1], "uv_size": [1, 1]},
								"west": {"uv": [12, 10], "uv_size": [1, 1]},
								"up": {"uv": [14, 2], "uv_size": [-2, -1]},
								"down": {"uv": [18, 2], "uv_size": [-1, -1]}
							}
						}
					]
				},
				{
					"name": "layer15",
					"parent": "Top",
					"pivot": [0, -8, 0],
					"cubes": [
						{
							"origin": [-2, -2.5, -3],
							"size": [4, 0.5, 0.5],
							"pivot": [0, 0, 0],
							"rotation": [0, 0, -180],
							"uv": {
								"north": {"uv": [13, 10], "uv_size": [8, 1]},
								"east": {"uv": [12, 9], "uv_size": [1, 1]},
								"south": {"uv": [17, 1], "uv_size": [1, 1]},
								"west": {"uv": [12, 9], "uv_size": [1, 1]},
								"up": {"uv": [17, 2], "uv_size": [1, -1]},
								"down": {"uv": [19, 11], "uv_size": [-4, -1]}
							}
						},
						{
							"origin": [-2.5, -2, -3],
							"size": [5, 4, 0.5],
							"uv": {
								"north": {"uv": [12, 2], "uv_size": [10, 8]},
								"east": {"uv": [29, 4], "uv_size": [1, 4]},
								"south": {"uv": [17, 1], "uv_size": [1, 1]},
								"west": {"uv": [24, 4], "uv_size": [1, 4]},
								"up": {"uv": [12, 5], "uv_size": [10, -1]},
								"down": {"uv": [12, 5], "uv_size": [10, -1]}
							}
						},
						{
							"origin": [-2, -2.5, -3],
							"size": [4, 0.5, 0.5],
							"uv": {
								"north": {"uv": [13, 10], "uv_size": [8, 1]},
								"east": {"uv": [15, 1], "uv_size": [1, 1]},
								"south": {"uv": [17, 1], "uv_size": [1, 1]},
								"west": {"uv": [15, 1], "uv_size": [1, 1]},
								"up": {"uv": [17, 2], "uv_size": [1, -1]},
								"down": {"uv": [19, 11], "uv_size": [-4, -1]}
							}
						},
						{
							"origin": [-2, -2.5, -3],
							"size": [4, 0.5, 0.5],
							"pivot": [0, 0, 0],
							"rotation": [0, 0, -180],
							"uv": {
								"north": {"uv": [13, 10], "uv_size": [8, 1]},
								"east": {"uv": [12, 9], "uv_size": [1, 1]},
								"south": {"uv": [17, 1], "uv_size": [1, 1]},
								"west": {"uv": [12, 9], "uv_size": [1, 1]},
								"up": {"uv": [17, 2], "uv_size": [1, -1]},
								"down": {"uv": [19, 11], "uv_size": [-4, -1]}
							}
						},
						{
							"origin": [-2.5, -2, -3],
							"size": [5, 4, 0.5],
							"uv": {
								"north": {"uv": [12, 2], "uv_size": [10, 8]},
								"east": {"uv": [29, 4], "uv_size": [1, 4]},
								"south": {"uv": [17, 1], "uv_size": [1, 1]},
								"west": {"uv": [24, 4], "uv_size": [1, 4]},
								"up": {"uv": [12, 5], "uv_size": [10, -1]},
								"down": {"uv": [12, 5], "uv_size": [10, -1]}
							}
						},
						{
							"origin": [-2, -2.5, -3],
							"size": [4, 0.5, 0.5],
							"uv": {
								"north": {"uv": [13, 10], "uv_size": [8, 1]},
								"east": {"uv": [15, 1], "uv_size": [1, 1]},
								"south": {"uv": [17, 1], "uv_size": [1, 1]},
								"west": {"uv": [15, 1], "uv_size": [1, 1]},
								"up": {"uv": [17, 2], "uv_size": [1, -1]},
								"down": {"uv": [19, 11], "uv_size": [-4, -1]}
							}
						}
					]
				},
				{
					"name": "Bottom",
					"parent": "ore_indicator",
					"pivot": [0, 0, 0],
					"rotation": [0, -90, 90]
				},
				{
					"name": "layer16",
					"parent": "Bottom",
					"pivot": [0, -8, 0],
					"cubes": [
						{
							"origin": [-1, -1, -4],
							"size": [2, 2, 0.5],
							"uv": {
								"north": {"uv": [21, 7], "uv_size": [4, 4]},
								"east": {"uv": [24, 4], "uv_size": [1, 4]},
								"south": {"uv": [17, 1], "uv_size": [1, 1]},
								"west": {"uv": [29, 4], "uv_size": [1, 4]},
								"up": {"uv": [29, 4], "uv_size": [-4, -1]},
								"down": {"uv": [29, 9], "uv_size": [-4, -1]}
							}
						},
						{
							"origin": [-0.5, 1, -4],
							"size": [1, 0.5, 0.5],
							"uv": {
								"north": {"uv": [12, 1], "uv_size": [2, 1]},
								"east": {"uv": [12, 10], "uv_size": [1, 1]},
								"south": {"uv": [17, 1], "uv_size": [1, 1]},
								"west": {"uv": [12, 10], "uv_size": [1, 1]},
								"up": {"uv": [14, 2], "uv_size": [-2, -1]},
								"down": {"uv": [18, 2], "uv_size": [-1, -1]}
							}
						},
						{
							"origin": [-0.5, 1, -4],
							"size": [1, 0.5, 0.5],
							"pivot": [0, 0, 0],
							"rotation": [0, 0, -90],
							"uv": {
								"north": {"uv": [12, 1], "uv_size": [2, 1]},
								"east": {"uv": [12, 10], "uv_size": [1, 1]},
								"south": {"uv": [17, 1], "uv_size": [1, 1]},
								"west": {"uv": [12, 10], "uv_size": [1, 1]},
								"up": {"uv": [14, 2], "uv_size": [-2, -1]},
								"down": {"uv": [18, 2], "uv_size": [-1, -1]}
							}
						},
						{
							"origin": [-0.5, 1, -4],
							"size": [1, 0.5, 0.5],
							"pivot": [0, 0, 0],
							"rotation": [0, 0, -180],
							"uv": {
								"north": {"uv": [12, 1], "uv_size": [2, 1]},
								"east": {"uv": [12, 10], "uv_size": [1, 1]},
								"south": {"uv": [17, 1], "uv_size": [1, 1]},
								"west": {"uv": [12, 10], "uv_size": [1, 1]},
								"up": {"uv": [14, 2], "uv_size": [-2, -1]},
								"down": {"uv": [18, 2], "uv_size": [-1, -1]}
							}
						},
						{
							"origin": [-0.5, 1, -4],
							"size": [1, 0.5, 0.5],
							"pivot": [0, 0, 0],
							"rotation": [0, 0, 90],
							"uv": {
								"north": {"uv": [12, 1], "uv_size": [2, 1]},
								"east": {"uv": [12, 10], "uv_size": [1, 1]},
								"south": {"uv": [17, 1], "uv_size": [1, 1]},
								"west": {"uv": [12, 10], "uv_size": [1, 1]},
								"up": {"uv": [14, 2], "uv_size": [-2, -1]},
								"down": {"uv": [18, 2], "uv_size": [-1, -1]}
							}
						},
						{
							"origin": [-1, -1, -4],
							"size": [2, 2, 0.5],
							"uv": {
								"north": {"uv": [21, 7], "uv_size": [4, 4]},
								"east": {"uv": [24, 4], "uv_size": [1, 4]},
								"south": {"uv": [17, 1], "uv_size": [1, 1]},
								"west": {"uv": [29, 4], "uv_size": [1, 4]},
								"up": {"uv": [29, 4], "uv_size": [-4, -1]},
								"down": {"uv": [29, 9], "uv_size": [-4, -1]}
							}
						},
						{
							"origin": [-0.5, 1, -4],
							"size": [1, 0.5, 0.5],
							"uv": {
								"north": {"uv": [12, 1], "uv_size": [2, 1]},
								"east": {"uv": [12, 10], "uv_size": [1, 1]},
								"south": {"uv": [17, 1], "uv_size": [1, 1]},
								"west": {"uv": [12, 10], "uv_size": [1, 1]},
								"up": {"uv": [14, 2], "uv_size": [-2, -1]},
								"down": {"uv": [18, 2], "uv_size": [-1, -1]}
							}
						},
						{
							"origin": [-0.5, 1, -4],
							"size": [1, 0.5, 0.5],
							"pivot": [0, 0, 0],
							"rotation": [0, 0, -90],
							"uv": {
								"north": {"uv": [12, 1], "uv_size": [2, 1]},
								"east": {"uv": [12, 10], "uv_size": [1, 1]},
								"south": {"uv": [17, 1], "uv_size": [1, 1]},
								"west": {"uv": [12, 10], "uv_size": [1, 1]},
								"up": {"uv": [14, 2], "uv_size": [-2, -1]},
								"down": {"uv": [18, 2], "uv_size": [-1, -1]}
							}
						},
						{
							"origin": [-0.5, 1, -4],
							"size": [1, 0.5, 0.5],
							"pivot": [0, 0, 0],
							"rotation": [0, 0, -180],
							"uv": {
								"north": {"uv": [12, 1], "uv_size": [2, 1]},
								"east": {"uv": [12, 10], "uv_size": [1, 1]},
								"south": {"uv": [17, 1], "uv_size": [1, 1]},
								"west": {"uv": [12, 10], "uv_size": [1, 1]},
								"up": {"uv": [14, 2], "uv_size": [-2, -1]},
								"down": {"uv": [18, 2], "uv_size": [-1, -1]}
							}
						},
						{
							"origin": [-0.5, 1, -4],
							"size": [1, 0.5, 0.5],
							"pivot": [0, 0, 0],
							"rotation": [0, 0, 90],
							"uv": {
								"north": {"uv": [12, 1], "uv_size": [2, 1]},
								"east": {"uv": [12, 10], "uv_size": [1, 1]},
								"south": {"uv": [17, 1], "uv_size": [1, 1]},
								"west": {"uv": [12, 10], "uv_size": [1, 1]},
								"up": {"uv": [14, 2], "uv_size": [-2, -1]},
								"down": {"uv": [18, 2], "uv_size": [-1, -1]}
							}
						}
					]
				},
				{
					"name": "layer17",
					"parent": "Bottom",
					"pivot": [0, -8, 0],
					"cubes": [
						{
							"origin": [-2, -1.5, -3.5],
							"size": [4, 3, 0.5],
							"uv": {
								"north": {"uv": [23, 3], "uv_size": [8, 6]},
								"east": {"uv": [21, 3], "uv_size": [1, 6]},
								"south": {"uv": [17, 1], "uv_size": [1, 1]},
								"west": {"uv": [21, 3], "uv_size": [1, 6]},
								"up": {"uv": [31, 6], "uv_size": [-8, -1]},
								"down": {"uv": [31, 6], "uv_size": [-8, -1]}
							}
						},
						{
							"origin": [-1.5, 1.5, -3.5],
							"size": [3, 0.5, 0.5],
							"uv": {
								"north": {"uv": [25, 1], "uv_size": [6, 1]},
								"east": {"uv": [12, 9], "uv_size": [1, 1]},
								"south": {"uv": [17, 1], "uv_size": [1, 1]},
								"west": {"uv": [12, 9], "uv_size": [1, 1]},
								"up": {"uv": [22, 9], "uv_size": [-1, -6], "uv_rotation": 90},
								"down": {"uv": [17, 2], "uv_size": [1, -1]}
							}
						},
						{
							"origin": [-1.5, 1.5, -3.5],
							"size": [3, 0.5, 0.5],
							"pivot": [0, 0, 0],
							"rotation": [0, 0, -180],
							"uv": {
								"north": {"uv": [25, 1], "uv_size": [6, 1]},
								"east": {"uv": [12, 9], "uv_size": [1, 1]},
								"south": {"uv": [17, 1], "uv_size": [1, 1]},
								"west": {"uv": [12, 9], "uv_size": [1, 1]},
								"up": {"uv": [22, 9], "uv_size": [-1, -6], "uv_rotation": 90},
								"down": {"uv": [17, 2], "uv_size": [1, -1]}
							}
						},
						{
							"origin": [-0.5, 2, -3.5],
							"size": [1, 0.5, 0.5],
							"uv": {
								"north": {"uv": [12, 1], "uv_size": [2, 1]},
								"east": {"uv": [12, 10], "uv_size": [1, 1]},
								"south": {"uv": [17, 1], "uv_size": [1, 1]},
								"west": {"uv": [12, 10], "uv_size": [1, 1]},
								"up": {"uv": [14, 2], "uv_size": [-2, -1]},
								"down": {"uv": [18, 2], "uv_size": [-1, -1]}
							}
						},
						{
							"origin": [-0.5, 2, -3.5],
							"size": [1, 0.5, 0.5],
							"pivot": [0, 0, 0],
							"rotation": [0, 0, -90],
							"uv": {
								"north": {"uv": [12, 1], "uv_size": [2, 1]},
								"east": {"uv": [12, 10], "uv_size": [1, 1]},
								"south": {"uv": [17, 1], "uv_size": [1, 1]},
								"west": {"uv": [12, 10], "uv_size": [1, 1]},
								"up": {"uv": [14, 2], "uv_size": [-2, -1]},
								"down": {"uv": [18, 2], "uv_size": [-1, -1]}
							}
						},
						{
							"origin": [-0.5, 2, -3.5],
							"size": [1, 0.5, 0.5],
							"pivot": [0, 0, 0],
							"rotation": [0, 0, -180],
							"uv": {
								"north": {"uv": [12, 1], "uv_size": [2, 1]},
								"east": {"uv": [12, 10], "uv_size": [1, 1]},
								"south": {"uv": [17, 1], "uv_size": [1, 1]},
								"west": {"uv": [12, 10], "uv_size": [1, 1]},
								"up": {"uv": [12, 2], "uv_size": [2, -1]},
								"down": {"uv": [18, 2], "uv_size": [-1, -1]}
							}
						},
						{
							"origin": [-0.5, 2, -3.5],
							"size": [1, 0.5, 0.5],
							"pivot": [0, 0, 0],
							"rotation": [0, 0, 90],
							"uv": {
								"north": {"uv": [12, 1], "uv_size": [2, 1]},
								"east": {"uv": [12, 10], "uv_size": [1, 1]},
								"south": {"uv": [17, 1], "uv_size": [1, 1]},
								"west": {"uv": [12, 10], "uv_size": [1, 1]},
								"up": {"uv": [12, 2], "uv_size": [2, -1]},
								"down": {"uv": [18, 2], "uv_size": [-1, -1]}
							}
						},
						{
							"origin": [-2, -1.5, -3.5],
							"size": [4, 3, 0.5],
							"uv": {
								"north": {"uv": [23, 3], "uv_size": [8, 6]},
								"east": {"uv": [21, 3], "uv_size": [1, 6]},
								"south": {"uv": [17, 1], "uv_size": [1, 1]},
								"west": {"uv": [21, 3], "uv_size": [1, 6]},
								"up": {"uv": [31, 6], "uv_size": [-8, -1]},
								"down": {"uv": [31, 6], "uv_size": [-8, -1]}
							}
						},
						{
							"origin": [-1.5, 1.5, -3.5],
							"size": [3, 0.5, 0.5],
							"uv": {
								"north": {"uv": [25, 1], "uv_size": [6, 1]},
								"east": {"uv": [12, 9], "uv_size": [1, 1]},
								"south": {"uv": [17, 1], "uv_size": [1, 1]},
								"west": {"uv": [12, 9], "uv_size": [1, 1]},
								"up": {"uv": [22, 9], "uv_size": [-1, -6], "uv_rotation": 90},
								"down": {"uv": [17, 2], "uv_size": [1, -1]}
							}
						},
						{
							"origin": [-1.5, 1.5, -3.5],
							"size": [3, 0.5, 0.5],
							"pivot": [0, 0, 0],
							"rotation": [0, 0, -180],
							"uv": {
								"north": {"uv": [25, 1], "uv_size": [6, 1]},
								"east": {"uv": [12, 9], "uv_size": [1, 1]},
								"south": {"uv": [17, 1], "uv_size": [1, 1]},
								"west": {"uv": [12, 9], "uv_size": [1, 1]},
								"up": {"uv": [22, 9], "uv_size": [-1, -6], "uv_rotation": 90},
								"down": {"uv": [17, 2], "uv_size": [1, -1]}
							}
						},
						{
							"origin": [-0.5, 2, -3.5],
							"size": [1, 0.5, 0.5],
							"uv": {
								"north": {"uv": [12, 1], "uv_size": [2, 1]},
								"east": {"uv": [12, 10], "uv_size": [1, 1]},
								"south": {"uv": [17, 1], "uv_size": [1, 1]},
								"west": {"uv": [12, 10], "uv_size": [1, 1]},
								"up": {"uv": [14, 2], "uv_size": [-2, -1]},
								"down": {"uv": [18, 2], "uv_size": [-1, -1]}
							}
						},
						{
							"origin": [-0.5, 2, -3.5],
							"size": [1, 0.5, 0.5],
							"pivot": [0, 0, 0],
							"rotation": [0, 0, -90],
							"uv": {
								"north": {"uv": [12, 1], "uv_size": [2, 1]},
								"east": {"uv": [12, 10], "uv_size": [1, 1]},
								"south": {"uv": [17, 1], "uv_size": [1, 1]},
								"west": {"uv": [12, 10], "uv_size": [1, 1]},
								"up": {"uv": [14, 2], "uv_size": [-2, -1]},
								"down": {"uv": [18, 2], "uv_size": [-1, -1]}
							}
						},
						{
							"origin": [-0.5, 2, -3.5],
							"size": [1, 0.5, 0.5],
							"pivot": [0, 0, 0],
							"rotation": [0, 0, -180],
							"uv": {
								"north": {"uv": [12, 1], "uv_size": [2, 1]},
								"east": {"uv": [12, 10], "uv_size": [1, 1]},
								"south": {"uv": [17, 1], "uv_size": [1, 1]},
								"west": {"uv": [12, 10], "uv_size": [1, 1]},
								"up": {"uv": [12, 2], "uv_size": [2, -1]},
								"down": {"uv": [18, 2], "uv_size": [-1, -1]}
							}
						},
						{
							"origin": [-0.5, 2, -3.5],
							"size": [1, 0.5, 0.5],
							"pivot": [0, 0, 0],
							"rotation": [0, 0, 90],
							"uv": {
								"north": {"uv": [12, 1], "uv_size": [2, 1]},
								"east": {"uv": [12, 10], "uv_size": [1, 1]},
								"south": {"uv": [17, 1], "uv_size": [1, 1]},
								"west": {"uv": [12, 10], "uv_size": [1, 1]},
								"up": {"uv": [12, 2], "uv_size": [2, -1]},
								"down": {"uv": [18, 2], "uv_size": [-1, -1]}
							}
						}
					]
				},
				{
					"name": "layer18",
					"parent": "Bottom",
					"pivot": [0, -8, 0],
					"cubes": [
						{
							"origin": [-2, -2.5, -3],
							"size": [4, 0.5, 0.5],
							"pivot": [0, 0, 0],
							"rotation": [0, 0, -180],
							"uv": {
								"north": {"uv": [13, 10], "uv_size": [8, 1]},
								"east": {"uv": [12, 9], "uv_size": [1, 1]},
								"south": {"uv": [17, 1], "uv_size": [1, 1]},
								"west": {"uv": [15, 1], "uv_size": [1, 1]},
								"up": {"uv": [17, 2], "uv_size": [1, -1]},
								"down": {"uv": [19, 11], "uv_size": [-4, -1]}
							}
						},
						{
							"origin": [-2.5, -2, -3],
							"size": [5, 4, 0.5],
							"uv": {
								"north": {"uv": [12, 2], "uv_size": [10, 8]},
								"east": {"uv": [29, 4], "uv_size": [1, 4]},
								"south": {"uv": [17, 1], "uv_size": [1, 1]},
								"west": {"uv": [24, 4], "uv_size": [1, 4]},
								"up": {"uv": [12, 5], "uv_size": [10, -1]},
								"down": {"uv": [12, 5], "uv_size": [10, -1]}
							}
						},
						{
							"origin": [-2, -2.5, -3],
							"size": [4, 0.5, 0.5],
							"uv": {
								"north": {"uv": [13, 10], "uv_size": [8, 1]},
								"east": {"uv": [12, 9], "uv_size": [1, 1]},
								"south": {"uv": [17, 1], "uv_size": [1, 1]},
								"west": {"uv": [12, 9], "uv_size": [1, 1]},
								"up": {"uv": [17, 2], "uv_size": [1, -1]},
								"down": {"uv": [19, 11], "uv_size": [-4, -1]}
							}
						},
						{
							"origin": [-2, -2.5, -3],
							"size": [4, 0.5, 0.5],
							"pivot": [0, 0, 0],
							"rotation": [0, 0, -180],
							"uv": {
								"north": {"uv": [13, 10], "uv_size": [8, 1]},
								"east": {"uv": [12, 9], "uv_size": [1, 1]},
								"south": {"uv": [17, 1], "uv_size": [1, 1]},
								"west": {"uv": [15, 1], "uv_size": [1, 1]},
								"up": {"uv": [17, 2], "uv_size": [1, -1]},
								"down": {"uv": [19, 11], "uv_size": [-4, -1]}
							}
						},
						{
							"origin": [-2.5, -2, -3],
							"size": [5, 4, 0.5],
							"uv": {
								"north": {"uv": [12, 2], "uv_size": [10, 8]},
								"east": {"uv": [29, 4], "uv_size": [1, 4]},
								"south": {"uv": [17, 1], "uv_size": [1, 1]},
								"west": {"uv": [24, 4], "uv_size": [1, 4]},
								"up": {"uv": [12, 5], "uv_size": [10, -1]},
								"down": {"uv": [12, 5], "uv_size": [10, -1]}
							}
						},
						{
							"origin": [-2, -2.5, -3],
							"size": [4, 0.5, 0.5],
							"uv": {
								"north": {"uv": [13, 10], "uv_size": [8, 1]},
								"east": {"uv": [12, 9], "uv_size": [1, 1]},
								"south": {"uv": [17, 1], "uv_size": [1, 1]},
								"west": {"uv": [12, 9], "uv_size": [1, 1]},
								"up": {"uv": [17, 2], "uv_size": [1, -1]},
								"down": {"uv": [19, 11], "uv_size": [-4, -1]}
							}
						}
					]
				}
			]
		}
	]
}