{
	"format_version": "1.21.0",
	"minecraft:geometry": [
		{
			"description": {
				"identifier": "geometry.outline",
				"texture_width": 32,
				"texture_height": 32,
				"visible_bounds_width": 3,
				"visible_bounds_height": 2.5,
				"visible_bounds_offset": [0, 0.75, 0]
			},
			"bones": [
				{
					"name": "bone",
					"pivot": [0, 0, 0],
					"cubes": [
						{
							"origin": [7.5, 7.5, -7.5],
							"size": [0.5, 0.5, 15],
							"uv": {
								"north": {"uv": [0, 0], "uv_size": [0.5, 0.5]},
								"east": {"uv": [0, 0], "uv_size": [15, 0.5]},
								"south": {"uv": [0, 0], "uv_size": [0.5, 0.5]},
								"west": {"uv": [0, 0], "uv_size": [15, 0.5]},
								"up": {"uv": [0.5, 15], "uv_size": [-0.5, -15]},
								"down": {"uv": [0.5, 15], "uv_size": [-0.5, -15]}
							}
						},
						{
							"origin": [7.5, -8, -7.5],
							"size": [0.5, 0.5, 15],
							"uv": {
								"north": {"uv": [0, 0], "uv_size": [0.5, 0.5]},
								"east": {"uv": [0, 0], "uv_size": [15, 0.5]},
								"south": {"uv": [0, 0], "uv_size": [0.5, 0.5]},
								"west": {"uv": [0, 0], "uv_size": [15, 0.5]},
								"up": {"uv": [0.5, 15], "uv_size": [-0.5, -15]},
								"down": {"uv": [0.5, 15], "uv_size": [-0.5, -15]}
							}
						},
						{
							"origin": [7.5, -7.5, -8],
							"size": [0.5, 15, 0.5],
							"uv": {
								"north": {"uv": [0, 0], "uv_size": [0.5, 15]},
								"east": {"uv": [0, 0], "uv_size": [0.5, 15]},
								"south": {"uv": [0, 0], "uv_size": [0.5, 15]},
								"west": {"uv": [0, 0], "uv_size": [0.5, 15]},
								"up": {"uv": [0.5, 0.5], "uv_size": [-0.5, -0.5]},
								"down": {"uv": [0.5, 0.5], "uv_size": [-0.5, -0.5]}
							}
						},
						{
							"origin": [7.5, -7.5, 7.5],
							"size": [0.5, 15, 0.5],
							"uv": {
								"north": {"uv": [0, 0], "uv_size": [0.5, 15]},
								"east": {"uv": [0, 0], "uv_size": [0.5, 15]},
								"south": {"uv": [0, 0], "uv_size": [0.5, 15]},
								"west": {"uv": [0, 0], "uv_size": [0.5, 15]},
								"up": {"uv": [0.5, 0.5], "uv_size": [-0.5, -0.5]},
								"down": {"uv": [0.5, 0.5], "uv_size": [-0.5, -0.5]}
							}
						},
						{
							"origin": [-8, -7.5, 7.5],
							"size": [0.5, 15, 0.5],
							"uv": {
								"north": {"uv": [0, 0], "uv_size": [0.5, 15]},
								"east": {"uv": [0, 0], "uv_size": [0.5, 15]},
								"south": {"uv": [0, 0], "uv_size": [0.5, 15]},
								"west": {"uv": [0, 0], "uv_size": [0.5, 15]},
								"up": {"uv": [0.5, 0.5], "uv_size": [-0.5, -0.5]},
								"down": {"uv": [0.5, 0.5], "uv_size": [-0.5, -0.5]}
							}
						},
						{
							"origin": [-8, 7.5, -7.5],
							"size": [0.5, 0.5, 15],
							"uv": {
								"north": {"uv": [0, 0], "uv_size": [0.5, 0.5]},
								"east": {"uv": [0, 0], "uv_size": [15, 0.5]},
								"south": {"uv": [0, 0], "uv_size": [0.5, 0.5]},
								"west": {"uv": [0, 0], "uv_size": [15, 0.5]},
								"up": {"uv": [0.5, 15], "uv_size": [-0.5, -15]},
								"down": {"uv": [0.5, 15], "uv_size": [-0.5, -15]}
							}
						},
						{
							"origin": [-8, -7.5, -8],
							"size": [0.5, 15, 0.5],
							"uv": {
								"north": {"uv": [0, 0], "uv_size": [0.5, 15]},
								"east": {"uv": [0, 0], "uv_size": [0.5, 15]},
								"south": {"uv": [0, 0], "uv_size": [0.5, 15]},
								"west": {"uv": [0, 0], "uv_size": [0.5, 15]},
								"up": {"uv": [0.5, 0.5], "uv_size": [-0.5, -0.5]},
								"down": {"uv": [0.5, 0.5], "uv_size": [-0.5, -0.5]}
							}
						},
						{
							"origin": [-8, -8, -7.5],
							"size": [0.5, 0.5, 15],
							"uv": {
								"north": {"uv": [0, 0], "uv_size": [0.5, 0.5]},
								"east": {"uv": [0, 0], "uv_size": [15, 0.5]},
								"south": {"uv": [0, 0], "uv_size": [0.5, 0.5]},
								"west": {"uv": [0, 0], "uv_size": [15, 0.5]},
								"up": {"uv": [0.5, 15], "uv_size": [-0.5, -15]},
								"down": {"uv": [0.5, 15], "uv_size": [-0.5, -15]}
							}
						},
						{
							"origin": [-7.5, -8, -8],
							"size": [15, 0.5, 0.5],
							"uv": {
								"north": {"uv": [0, 0], "uv_size": [15, 0.5]},
								"east": {"uv": [0, 0], "uv_size": [0.5, 0.5]},
								"south": {"uv": [0, 0], "uv_size": [15, 0.5]},
								"west": {"uv": [0, 0], "uv_size": [0.5, 0.5]},
								"up": {"uv": [15, 0.5], "uv_size": [-15, -0.5]},
								"down": {"uv": [15, 0.5], "uv_size": [-15, -0.5]}
							}
						},
						{
							"origin": [-7.5, -8, 7.5],
							"size": [15, 0.5, 0.5],
							"uv": {
								"north": {"uv": [0, 0], "uv_size": [15, 0.5]},
								"east": {"uv": [0, 0], "uv_size": [0.5, 0.5]},
								"south": {"uv": [0, 0], "uv_size": [15, 0.5]},
								"west": {"uv": [0, 0], "uv_size": [0.5, 0.5]},
								"up": {"uv": [15, 0.5], "uv_size": [-15, -0.5]},
								"down": {"uv": [15, 0.5], "uv_size": [-15, -0.5]}
							}
						},
						{
							"origin": [-7.5, 7.5, 7.5],
							"size": [15, 0.5, 0.5],
							"uv": {
								"north": {"uv": [0, 0], "uv_size": [15, 0.5]},
								"east": {"uv": [0, 0], "uv_size": [0.5, 0.5]},
								"south": {"uv": [0, 0], "uv_size": [15, 0.5]},
								"west": {"uv": [0, 0], "uv_size": [0.5, 0.5]},
								"up": {"uv": [15, 0.5], "uv_size": [-15, -0.5]},
								"down": {"uv": [15, 0.5], "uv_size": [-15, -0.5]}
							}
						},
						{
							"origin": [-7.5, 7.5, -8],
							"size": [15, 0.5, 0.5],
							"uv": {
								"north": {"uv": [0, 0], "uv_size": [15, 0.5]},
								"east": {"uv": [0, 0], "uv_size": [0.5, 0.5]},
								"south": {"uv": [0, 0], "uv_size": [15, 0.5]},
								"west": {"uv": [0, 0], "uv_size": [0.5, 0.5]},
								"up": {"uv": [15, 0.5], "uv_size": [-15, -0.5]},
								"down": {"uv": [15, 0.5], "uv_size": [-15, -0.5]}
							}
						}
					]
				}
			]
		}
	]
}