{
	"format_version": "1.10.0",
	"animations": {
		"animation.box.spin": {
			"loop": true,
			"animation_length": 3,
			"bones": {
				"box": {
					"relative_to": {
						"rotation": "entity"
					},
					"rotation": {
						"0.0": [0, 0, 0.01],
						"3.0": [360, 0, 360]
					},
					"scale": {
						"0.0": {
							"post": [1, 1, 1],
							"lerp_mode": "catmullrom"
						},
						"1.5": {
							"post": [0.75, 0.75, 0.75],
							"lerp_mode": "catmullrom"
						},
						"3.0": {
							"post": [1, 1, 1],
							"lerp_mode": "catmullrom"
						}
					}
				}
			}
		}
	}
}