{
  "format_version": "1.10.0",
  "render_controllers": {
    "controller.render.vanilla_indicator": {
      "arrays": {
        "textures": {
          "Array.skins": [
            "Texture.default",
            "Texture.red",
            "Texture.orange",
            "Texture.yellow",
            "Texture.lime",
            "Texture.green",
            "Texture.aqua",
            "Texture.cyan",
            "Texture.azure",
            "Texture.blue",
            "Texture.violet",
            "Texture.magenta",
            "Texture.rose",

            "Texture.dark_red",
            "Texture.dark_orange",
            "Texture.dark_yellow",
            "Texture.dark_lime",
            "Texture.dark_green",
            "Texture.dark_aqua",
            "Texture.dark_cyan",
            "Texture.dark_azure",
            "Texture.dark_blue",
            "Texture.dark_violet",
            "Texture.dark_magenta",
            "Texture.dark_rose",

            "Texture.light_red",
            "Texture.light_orange",
            "Texture.light_yellow",
            "Texture.light_lime",
            "Texture.light_green",
            "Texture.light_aqua",
            "Texture.light_cyan",
            "Texture.light_azure",
            "Texture.light_blue",
            "Texture.light_violet",
            "Texture.light_magenta",
            "Texture.light_rose",

            "Texture.grey_64",
            "Texture.grey_128",
            "Texture.grey_192",
            "Texture.white"
          ]
        }
      },
      "geometry": "Geometry.default",
      "materials": [
        {
          "*": "material.default"
        }
      ],
      "textures": ["Array.skins[q.variant]"]
    }
  }
}
